"id","family_name","first_names","id:1","religion","confirmed","notes"
2233,Wood,William Spicer,1,Quaker,0,Multiple possibilities
2211,Wilson,William,1,Quaker,0,Multiple possibilities
2208,Wilson,James,1,Quaker,0,Multiple possibilities
2108,Wakefield,E T,1,Quaker,1,"Edward T. Wakefield (1821-1896), of Portadown, Ireland"
1744,Ross,John,1,Quaker,0,"Possibly John Ross (1798-1863), of Chatteris, Cambridgeshire"
1725,Robinson,J,1,Quaker,1,"Joseph Phelps Robinson (1813-1848), of London and Sydney"
1216,Lloyd,William Horton,1,Quaker,0,"Possibly William Lloyd (1791-1867), of York; perhaps more likely William Lloyd, MD (1798-1865), farmer, doctor, & flint miller, of Birmingham"
1207,Lister,Joseph,1,Quaker,1,"Joseph Jackson Lister, FRS (1786-1869), wine merchant and microscopist, of London; entry in Oxford DNB"
1021,Hutchinson,Jonathan,1,Quaker,0,"Probably Sir Jonathan Hutchinson (1828-1913), surgeon; 20-page obit and photo in 1914 Annual Monitor; entry in Oxford DNB; but there are two other Quaker Jonathan Hutchinsons whose dates would fit"
979,Holmes,William,1,Quaker,1,"William Henry Holmes (1824-1908), glass merchant and paint maker, of Gateshead & Newcastle"
967,Hodgkin,Thomas (1),1,Quaker,1,"Dr Thomas Hodgkin (1798-1866), physician and social reformer, of London; entry in Oxford DNB"
853,Gurney,John Henry,1,Quaker,1,"Either Rev. John Hampden Gurney (1802-1862), clergyman and hymnist; or John Henry Gurney (1819-1890), banker and MP; there was also a John Howard Gurney, who d. 1867, but about whose life I otherwise know nothing"
776,Gibson,George Stacey,1,Quaker,1,"George Stacey Gibson (1818-1883), banker, botanist, philanthropist, of Saffron Walden; 9-page obit. in 1884 Annual Monitor; entry in Oxford DNB"
732,Fox,Charles Henry,1,Quaker,0,"Probably Charles Fox (1797-1878), merchant and scientific writer, of Falmouth; 16-page obit. in 1879 Annual Monitor; entry in Oxford DNB. But possibly Charles Fox (1801-1860), banker and manufacturer of Wellington, Somerset"
731,Fowler,William,1,Quaker,1,"William Fowler (1828-1905), financier and politician; Quaker family; entry in Oxford DNB"
730,Fowler,Robert Nicholas,1,Quaker,1,"Sir Robert Nicholas Fowler, 1st baronet, (1828-1891), London banker and politician; Quaker; entry in Oxford DNB"
600,Doyle,James T J,1,Quaker,0,Multiple possibilities
523,Dale,David,1,Quaker,1,"Sir David Dale, 1st baronet (1829-1906), industrialist, of Darlington; entry in Oxford DNB"
503,Crowley,Henry,1,Quaker,0,"Probably Henry Crowley (1800-1857), brewer of Alton, Hampshire"
448,Collier,x,1,Quaker,1,"Jane Collier (1776-1870), of Plymouth"
419,Clay,William,1,Quaker,0,"Possibly William Clay (b. 1811), London draper"
403,Christy,Henry,1,Quaker,1,"Henry Christy (1810-1865), hat manufacturer, banker, anthropologist, of London; entry in Oxford DNB"
322,Buxton,Charles,1,Quaker,1,"Charles Buxton (1822-1871), brewer & politician; entry in Oxford DNB"
303,Bull,William,1,Quaker,0,Multiple possibilities
249,Brady,Antonio,1,Quaker,1,"Alfred Brady (1803-1895), bank manager, of Stockton"
151,Bell,James,1,Quaker,0,"I have a James Spencer Bell, but no dates for him; his son died in 1886, and his wife in 1891 (Annual Monitor)"
81,Backhouse,James (1),1,Quaker,1,"James Backhouse (1794-1869), nurseryman of York; 8-page obit. in 1870 Annual Monitor; some material in Oxford DNB"
80,Backhouse,Edward,1,Quaker,0,"Probably Edward Backhouse (1781-1860), Darlington banker"
27,Allen,S  Stafford,1,Quaker,1,"Stafford Allen (1806-1889), miller & manufacturing chemist, of London; 9-page obit. in 1890 Annual Monitor"
23,Aldam,William,1,Quaker,0,"Probably William Pease (later Aldam - changed by deed poll) (1779-1855), of Darlington"
2261,Albright,Arthur,1,Quaker,0,Possibly the Quaker Arthur Albright (1811-1900) who has an entry in the Oxford DNB
2262,Albright,Rachel,1,Quaker,0,"Could be either Rachel Albright (1818-1906), sister of John M. Albright; or their mother Rachel Albright, née Tanner (1776-1867)"
2263,Albright,William,1,Quaker,0,"I have no plain William Albright who fits, though there was a William Whitlark Albright (1819-1864), of Lancaster and Sheffield - it would seem odd, though, that his middle name would have been omitted"
2264,Aldam,William Jun,1,Quaker,0,"Probably William Aldam (1813-1890), MP for Leeds, son of the earlier William Pease"
2265,Alexander,Frederick,1,Quaker,0,Two Quakers of this name - so need more identifying detail
2266,Allen,Samuel,1,Quaker,0,"Possibly Samuel Allen (1771-1868), brewer & miller, of Witham and Hitchin; 4-page obit. in 1870 Annual Monitor"
2268,Arch,John,1,Quaker,0,"There were Quakers of this name, but the closest match died in 1853"
2270,Arthington,R,1,Quaker,0,"Could be Robert Arthington (1779-1864), brewer, of Leeds, founder director of the Friends Provident Institution"
2271,Arthington,R Jun,1,Quaker,0,"Probably Robert Arthington (1823-1900), of Leeds, son of Robert Arthington; some text in the Oxford DNB"
2273,Ashby,C,1,Quaker,0,"Probably not enough identification evidence, but this could be Elizabeth (Crowley) Ashby (1828-1912), wife of Charles Ashby, brewer, of Staines"
2274,Ashby,T Jun,1,Quaker,0,Multiple candidates
2275,Ashby,Thomas,1,Quaker,0,Multiple candidates
2276,Ashby,Thomas Jun,1,Quaker,0,Multiple candidates
2277,Backhouse,Catherine,1,Quaker,0,"Probably Katherine (Capper) Backhouse 1792-1882), wife of John Backhouse, Darlington banker; 19-page obit. in 1883 Annual Monitor"
2280,Backhouse,Jonathan,1,Quaker,0,"There were several Quakers of this name, but I can't trace anyone who fits these dates"
2282,Baker,S,1,Quaker,0,"Possibly Samuel Baker (1808-1862), grocer, of Clontarf, Co. Dublin"
2285,Barclay,Robert,1,Quaker,0,"Probably Robert Barclay (1787-1853), London banker"
2286,Barrington,Richard,1,Quaker,0,"Probably Richard Barrington (c. 1797-1890), of Monkstown, Dublin; death announced in Annual Monitor"
2288,Beck,Edward,1,Quaker,0,"Probably Edward Beck (1803-1861), maltster, wharfinger, & slate merchant, of Isleworth; but possibly his son Edward (1834-1913)"
2289,Bell,Eliza,1,Quaker,0,"Possibly Eliza Bell (b. 1808), sister to Anna Bell"
2290,Bell,Frederick J,1,Quaker,0,"The closest fit is Frederick John Bell (1814-1856), of Maldon, Essex - but this can't be him if the 1857 date is definitely correct"
2291,Bell,S S,1,Quaker,0,"Possibly Sarah Sheppard Bell (b. 1805, Shoreditch); but her only sister known to me was married before 1857"
2292,Bewley,Samuel,1,Quaker,0,Multiple candidates
2293,Biffin,x,1,Quaker,0,"I have a Mary Biffen (1802-1887), of Finsbury Park, but don't know whether or not this is her married name"
2294,Binyon,J,1,Quaker,0,"Possibly Joseph Burtt Binyon (1809-1897), but I'd expect a middle initial if so"
2295,Birkbeck,E L,1,Quaker,0,"Possibly Elizabeth Lucy (Barclay) Birkbeck (1800-1874), of Norwich, wife of Henry Birkbeck (1787-1848)"
2296,Birkbeck,H,1,Quaker,0,"Probably Henry Birkbeck (1821-1895), banker, of Norfolk"
2298,Blaine,W,1,Quaker,0,"Multiple candidates for W. Blain, none for W. Blaine"
2299,Bowley,Elizabeth,1,Quaker,0,"Possibly Elizabeth (Frankland) Bowly (1795-1867), of Cirencester, widow of Christopher Bowly (1773-1851), woolstapler"
2300,Brady,Henry,1,Quaker,0,"Probably Dr Henry Brady (1805-1883), surgeon & GP, of Darlington"
2301,Braithwaite,Charles L,1,Quaker,0,"Probably Charles Lloyd Braithwaite (1811-1893), woollen manufacturer & drysalter, of Kendal; 8-page obit. in 1894 Annual Monitor; or possibly his son, of the same name (1840-1910), woollen manufacturer, of Kendal"
2302,Braithwaite,L,1,Quaker,0,"Possibly Louisa Braithwate (1842-1911), later wife of Thomas Barkworth "
2303,Brown,Isaac,1,Quaker,0,"Two possible individuals, but I suggest the likelier is Isaac Brown (1803-1895), who was principal of the Flounders Institute from 1848-1870; 23-page obit. in 1897 Annual Monitor"
2304,Brown,Joshua,1,Quaker,0,"Two possible individuals, insufficient evidence"
2305,Brown,Lydia,1,Quaker,0,"Possibly Lydia (Wallis) Brown (1788-1879), wife of Daniel Brown, of Luton; 8-page obit. in 1880 Annual Monitor"
2306,Burgess,Sarah,1,Quaker,0,Multiple possibilities
2307,Burgess,Thomas,1,Quaker,0,Multiple possibilities
2309,Buxton,Thomas Fowell,1,Quaker,0,"These dates don't work for a single individual. Sir Thomas Fowell Buxton, 1st baronet, d. 1845, but the 3rd baronet, of the same name (1847-1915), could account for the end date; or the 1st baronet's son, plain TFB (1822-1908, 2nd son, so no title) might be a better fit; this would need further checking, to be certain"
2310,Catchpool,W,1,Quaker,0,"possibly William Catchpool (1828-1920), miller, of Lewisham"
2311,Charleton,x,1,Quaker,0,"Probably Catherine Brewster (Fox) Charleton (1823-1902), of Bristol, wife of Robert Charleton; 12-page obit. in 1904 Annual Monitor"
2312,Clark,Samuel,1,Quaker,0,Multiple candidates
2313,Clemes,W,1,Quaker,0,"Either William Clemes (1796-1883), of St Austell, or his son of the same name (1824-1896), of Plymouth"
2314,Clothier,C,1,Quaker,0,"possibly Celia Clothier (1798-1872), of Street"
2315,Cooper,Joseph,1,Quaker,0,"Probably Joseph Cooper (1800-1881), hat manufacturer, of Walthamstow; 11-page memoir in 1883 Annual Monitor"
2316,Crosfield,George,1,Quaker,0,"Multiple candidates, including George Crosfield (1785-1847), botanist and Quaker publicist; 5-page obit. in 1849 Annual Monitor; entry in Oxford DNB"
2317,Crosland,Joseph,1,Quaker,0,"Probably Joseph Crosland (1810-1871), leather dealer, of Worcester; but possibly Joseph Crosland (b. 1842)"
2318,Crowley,A,1,Quaker,0,"Possibly Charlotte (Curtis) Crowley (1801-1892), wife of Abraham Crowley"
2321,Dale,A,1,Quaker,0,"Probably Ann Backhouse (Robson) Dale (1817-1866), first wife of Sir David Dale"
2322,Dawes,Elizabeth S,1,Quaker,0,"Possibly Eliza Steadman Dawes (1804-1882), of Stoke Newington"
2324,Dodshon,John,1,Quaker,0,"Probably John Dodshon (1811-1875), wholesale grocer and provision merchant, of Stockton; 8-page obit in 1876 Annual Monitor. But it could also be his son of the same name (1838-1873), London merchant; 3-page obit. in Annual Monitor"
2325,Doncaster,Daniel,1,Quaker,0,"Probably Daniel Doncaster 1807-1884), steel manufacturer, of Sheffield; 8-page obit. in 1885 Annual Monitor. But it could also be his son of the same name (1834-1912), steel manufacturer, of Sheffield; 2-page obit. and photo in 1914 Annual Monitor"
2326,Dyer,Elizabeth,1,Quaker,0,"Possibly Elizabeth Dyer (1787-1867), of Bristol - but this might be her married name"
2327,Dymond,R,1,Quaker,0,Multiple possibilities
2329,Dyson,William,1,Quaker,0,"Either William Dyson (1792 - after 1871), York solicitor; or William Dyson (1831-1898), b. Leeds"
2331,Ellis,A,1,Quaker,0,"Possibly Alfred Ellis (1821-1879), oil merchant, of Leicester"
2332,Evans,Thomas,1,Quaker,0,"Probably Thomas Evans (1787-1865), of Hereford; possibly Thomas Evans (1799-1883), of Plymouth"
2333,Everett,Ann,1,Quaker,0,"Possibly Anne Everett (1784-1863), of Croydon - but this may be her married name"
2334,Farden,Joseph,1,Quaker,0,"Probably Joseph Fardon (1800-1877), Reading druggist"
2335,Fell,John,1,Quaker,0,"Probably John Fell (1786-1865), London corn factor"
2336,Fell,Mary,1,Quaker,0,"Possibly Mary (Hull) Fell (1788-1846), of Uxbridge; sister-in-law to John Fell"
2337,Fisher,S H,1,Quaker,0,"Could be Samuel H. Fisher, about whom all I know is that he married Margaret H. Eaton in 1849, whose death was recorded in the Annual Monitor"
2338,Fletcher,Caleb,1,Quaker,0,"Probably Caleb Fletcher (1784-1864), flax spinner, of York; 8-page obit. in 1865 Annual Monitor"
2339,Fletcher,Martha,1,Quaker,0,"Possibly Martha (Burgess) Fletcher, wife of a John Fletcher, and daughter of Joseph & Mary Burgess of Leicester, known Quakers; no other info known to me"
2340,Ford,John,1,Quaker,0,"Probably John Ford (1801-1875), headmaster of Bootham School; 11-page obit. in 1876 Annual Monitor"
2341,Fox,George,1,Quaker,0,Multiple possibilities
2342,Fox,Henry,1,Quaker,0,"Either Henry Fox (1819-1887), of Plymouth; or Henry Fox (1800-1876), woollen manufacturer, of Wellington, Somerset"
2344,Fox,Robert Were,1,Quaker,0,"Probably Robert Were Fox (1789-1877), geologist and physicist, of Falmouth; 9-page obit. in 1878 Annual Monitor; entry in Oxford DNB; possibly Robert Were Fox (1792-1872), banker and merchant, of London"
2346,Fox,x,1,Quaker,0,"Probably Anna Maria Fox (1816 to 1897) and Caroline Fox (1819-1871), both of Falmouth; sisters to Robert Barclay Fox; 10-page and 7-page obits, respectively, in Annual Monitor; Caroline has entry in Oxford DNB"
2347,Gayner,W,1,Quaker,0,"Possibly William Gayner (1821-1887), of Bristol"
2348,Gibbens,Joseph,1,Quaker,0,"Probably Joseph Gibbins (1787-1870), chemicals manufacturer, banker, and railway director, of Swansea and the West Midlands; entry in Oxford DNB"
2349,Gibson,Ann,1,Quaker,0,"Multiple possibilities, but the likeliest candidate may be Ann (Marriage) Gibson (1797-1865), widow of Jabez Gibson, brewer & banker, of Saffron Walden"
2351,Gibson,Francis,1,Quaker,0,"Probably Elizabeth (Pease) Gibson (1803-1866), wife/widow of Francis Gibson, brewer & banker, of Saffron Waldon"
2352,Gibson,F  E,1,Quaker,0,"Possibly wife of Francis Edward Gibson (1831-1862), banker of Saffron Walden - but I have no knowledge of whether or not he married"
2353,Gibson,W G,1,Quaker,0,Presumably = Wyatt George Gibson
2354,Gill,T,1,Quaker,0,"Probably Thomas Gill (1801-1879), Guildford ironmonger"
2355,Gillett,J,1,Quaker,0,Multiple possibilities
2356,Gillett,John,1,Quaker,0,"Probably John Gillett (1801-1869), wine merchant, of Brailes, Warwickshire"
2357,Gilpin,J,1,Quaker,0,"Probably James Gilpin (1820-1868), porter merchant, of Newcastle, Bamburgh, and elsewhere"
2358,Gingell,James,1,Quaker,0,"Possibly James Gingell, hay & straw salesman, about whom I know nothing except that he had seven children, and his wife d. in 1835"
2359,Good,John,1,Quaker,0,"Either John Good (1800-1876), of Hull, or his son of the same name (1834-1884)"
2360,Grace,Josiah,1,Quaker,0,"Probably Josiah Grace (1784-1861), of Bristol; but possibly Josiah Grace (1799-1868), Bristol corn factor"
2361,Graham,Thomas,1,Quaker,0,"Probably Thomas Graham (1772-1858), of Coalbrookdale"
2362,Green,John,1,Quaker,0,"Possibly John Green (1818-1881), of Liverpool; or John Green (1834-1898), of Dewsbury"
2363,Gregory,T,1,Quaker,0,"Either Thomas Gregory (1818-1891), Reading grocer; or Thomas Gregory (1828-1907), Bristol grocer"
2364,Grimshaw,G,1,Quaker,0,"I have two George Grimshaws, b. 1810 and 1831, but no other information about them, so they may have died by 1861 for all I know"
2365,Hadfield,x,1,Quaker,0,"There were Quaker Hadfields, but I don't know of any colonels of this name"
2366,Hadwen,Isaac,1,Quaker,0,"Probably Isaac Hadwen IV (1793-1865), Liverpool merchant; 11-page obit. in 1866 Annual Monitor; possibly his son Isaac (1824-1876)"
2367,Harding,Robert,1,Quaker,0,"Probably Robert Harding (1818-1892), of Bristol and Ipswich; 5-page obit. in 1893 Annual Monitor; possibly Robert Harding, b. 1815, Street, Somerset"
2368,Harris,Henry,1,Quaker,0,Multiple possibilities
2369,Harris,Lydia,1,Quaker,0,"Possibly Lydia Harris (1791-1874), of Peckham"
2370,Harvey,Thomas,1,Quaker,0,"Probably Thomas Harvey (1812-1884), pharmaceutical chemist and insurance director; 10-page obit. in 1886 Annual Monitor; entry in Oxford DNB"
2371,Head,George,1,Quaker,0,"Probably George Head Head (1795-1876), banker, of Carlisle"
2372,Head,Sarah,1,Quaker,0,"Probably Sarah (Gurney) Head (b. 1811), 2nd wife of George Head Head"
2373,Headley,H,1,Quaker,0,"Probably Henry Headley (1824-1909), grocer, of Ashford"
2374,Hewitson,W,1,Quaker,0,"Possibly William Watson Hewitson (1814-1853), Leeds engineer; brother to Mary Ann Hewitson"
2375,Hicks,Charles,1,Quaker,0,"Either Charles Hicks (1797-1886), maltster & farmer, of Stansted, Essex; 1-page obit. in 1887 Annual Monitor; or Charles Hicks (1833-1899), corn dealer, of Maldon, Essex"
2376,Hills,Elizabeth,1,Quaker,0,"Possibly Elizabeth (____) Hills (1804-1886), wife of John Hills of Earls Colne, Essex"
2377,Hills,James,1,Quaker,0,"Probably James Hills (1805-1884), Sunderland ironmonger"
2378,Hills,John,1,Quaker,0,"Probably John Hills (b. 1803), Sunderland grocer"
2380,Hoare,Gurney,1,Quaker,0,"Probably John Gurney Hoare (1810-1876), London banker; entry in Wikipedia"
2381,Hooper,Maria,1,Quaker,0,"Possibly Maria de Horne (Scott) Hooper (1777 - after 1863), of Great Amwell, Hertfordshire; wife/widow of Joseph Hooper, Hertford maltster"
2382,Hopkins,J,1,Quaker,0,Multiple possibilities
2383,Hopkins,Rebecca,1,Quaker,0,"Possibly Rebecca Hopkins (1836-1901), of Nottingham; dates suggest she may have been a sister of Hannah Maria Hopkins, but I have no evidence for this"
2384,Horsnail,Mary,1,Quaker,0,"Either Mary Horsnaill (1771-1858), of Rochester; or Mary Horsnaill (1826-1916), of Rochester and London"
2385,Howard (2),Elizabeth,1,Quaker,0,"Possibly Elizabeth (____) Howard (1779-1869), of Tottenham; wife/widow of Thomas Howard"
2386,Howard,Elizabeth,1,Quaker,0,Possibly = Elizabeth (____) Howard (1779-1869)
2387,Hughes,Thomas,1,Quaker,0,"Possibly Thomas Hughes (1814-1890), of Dublin"
2388,Hunt,Henry,1,Quaker,0,"Probably Henry Hunt (1780-1862), chocolate manufacturer and tea dealer, of Bristol; 3-page obit. in Annual Monitor; possibly his son of the same name (1806-1881), tea dealer, of Bristol"
2389,Hunt,T,1,Quaker,0,"Possibly Theodore Hunt (1837-1926), leather factor, of Bristol"
2390,Hurnard,J,1,Quaker,0,"Probably James Hurnard (1809-1881), of Colchester"
2391,Isaac,John C,1,Quaker,0,"Possibly John Clark Isaac, son of John Clark Isaac (1782-1850); only source for this is http://www.pennyghael.org.uk/Clark.pdf"
2392,James,John,1,Quaker,0,"Possibly John James (1800-1875), of Truro"
2393,Janson,Charles,1,Quaker,0,"Probably Charles I'Anson (1809-1884), currier and iron manufacturer, of Darlington"
2394,Jesper,Samuel,1,Quaker,0,"Probably Samuel Jesper (1801-1876), woollen draper, of Macclesfield; 1-page obit. in 1877 Annual Monitor; possibly his son of the same name (1828-1899), woollen draper and clothier, of Penrith"
2395,Jowett (2),Benjamin,1,Quaker,0,"presumably = Benjamin Jowitt (1788-1867), of Carleton, near Pontefract"
2396,Jowett,John Jun,1,Quaker,0,"Possibly = John Jowitt (1811-1888), but the latter was son of Joseph, not John"
2397,Jowett (2),Robert,1,Quaker,0,presumably = Robert Jowitt
2398,King,John,1,Quaker,0,"Possibly John King (1791-1862), of Crawshawbooth, Lancashire; but there are other possibilities"
2399,King,Samuel,1,Quaker,0,Multiple possibilities
2400,King,Thomas,1,Quaker,0,Multiple possibilities
2401,Kitching,Alfred,1,Quaker,0,"Either Alfred Kitching (1808-1882), iron manufacturer, of Darlington; or Alfred Kitching, MD (1821-1903), of Hull; 4-page obit. in 1904 Annual Monitor"
2402,Knight,C,1,Quaker,0,"Probably Caroline Knight (1808-1887), of Westminster"
2403,Lee,John,1,Quaker,0,"I have a John Lee who d. before 1885, whose wife's death in Bradford that year is recorded in the Annual Monitor; no other info on this man, and no other possibilities known to me"
2404,Leitch,x,1,Quaker,0,"I have a William Leitch, whose daughter Agnes was b. in Glasgow in 1832, but I have no other info on him"
2406,Letchmore,Thomas,1,Quaker,0,"Probably Thomas Latchmore (1805-1875), Hitchin grocer"
2407,Letchmore,Thomas x Jun,1,Quaker,0,"Probably = Thomas Latchmore (1805-1875); but if the 'x' implies a middle name, then possibly his son Thomas Benwell Latchmore (1832-1908), commercial photographer, of Hitchin"
2408,Letchworth,Thomas,1,Quaker,0,"I know of five Quakers named Thomas Letchworth, but none fit these dates"
2409,Letchworth,Thomas Jun,1,Quaker,0,"I know of five Quakers named Thomas Letchworth, but none fit these dates"
2410,Letchworth,Thomas x Jun,1,Quaker,0,"I know of five Quakers named Thomas Letchworth, but none fit these dates; if the 'x' implies a middle name, I have no candidates"
2411,Lloyd,S,1,Quaker,0,Multiple possibilities
2412,Lucas,Edward,1,Quaker,0,"Probably Edward Lucas (1803-1874), ship owner, coal & timber merchant, and banker, of Luton and Brighton; but there was also an Edward Lucas, b. 1822 in Clapham, about whom I have no further life history"
2413,Lucas,Rebecca,1,Quaker,0,"Possibly Rebecca Lucas (1802-1868), of Wandsworth; but Lucas may have been a married name"
2414,Marriage,Thomas,1,Quaker,0,"Either Thomas Marriage (1800-1888), of Chelmsford; or Thomas Marriage (b. 1808, Springfield, Essex)"
2415,Marsh,John,1,Quaker,0,"Probably John Marsh (1788-1872), of Dorking"
2416,Marsh,R,1,Quaker,0,Multiple possibilities
2417,Matthews,William,1,Quaker,0,"Possibly William Matthews (1808-1904), of Earls Colne; 22-page obit. in 1905 Annual Monitor"
2418,Mattravers,William,1,Quaker,0,"Possibly the William Matravers jnr, clothier, of Westbury, Wiltshire, who married in 1823"
2419,Miller,D,1,Quaker,0,"Possibly Daniel Miller (1803-1889), importer of foreign fancy goods, of London"
2420,Morrison,John,1,Quaker,0,"Either John Morrison (1800-1870), of Whitehaven; or John Morrison (1801-1874), of Springhill, Enniscorthy, Ireland"
2421,Neave,E,1,Quaker,0,"Probably Edward Neave (1779-1861), draper, of Gillingham, Dorset"
2423,Overend,Mary,1,Quaker,0,"Possibly Mary (Kitching) Overend (1783-1862), of Southgate, London, widow of John Overend, bill broker"
2424,Palmer,W J,1,Quaker,0,"Possibly William Isaac Palmer (1824-1893), biscuit manufacturer, of Reading; brother of George Palmer"
2425,Pears,J,1,Quaker,0,"Possibly Rev. James Pears, whose son Arnold married into the Quaker Fry family"
2427,Priestman (2),Edward,1,Quaker,0,"Probably Edward Priestman (1838-1920), worsted manufacturer of Bradford; but was there another Edward, as suggested by the dates for Mrs Edward?"
2428,Priestman,John,1,Quaker,0,"Probably John Priestman (1805-1866), corn miller, worsted manufacturer, insurance director, of Bradford; entry in Oxford DNB"
2429,Ransome,James,1,Quaker,0,"Possibly James Ransome (b. 1794, Norwich)"
2430,Ransome,Robert,1,Quaker,0,"Possibly Robert Ransome (1795-1864), ironmaster and agricultural implement manufacturer, of Ipswich; but dates don't work precisely"
2431,Rathbone,William,1,Quaker,0,"Probably Elizabeth (Greg) Rathbone (1790-1882), wife of William Rathbone V, of Liverpool, who has an entry in the Oxford DNB; not herself a Quaker, and he was disowned for marrying her"
2432,Read,J Jun,1,Quaker,0,"Possibly John Read (d. before 1847), miller, of Godmanchester, son of John"
2433,Richardson,Edward,1,Quaker,0,"'Miss Edward' doesn't makes sense; if I disregard the 'Miss' this is probably either Edward Richardson (1806-1863), leather manufacturer, of Newcastle; or Edward Richardson (1810-1886), Sunderland coal owner"
2434,Richardson,Henry,1,Quaker,0,"Either Henry Richardson (1806-1885), Newcastle grocer; or Henry Richardson (1814-1893), agricultural merchant, of York"
2435,Richardson,W,1,Quaker,0,Multiple possibilities
2437,Rickman,R M,1,Quaker,0,"Not known by me, but seems likely"
2438,Rickman,S,1,Quaker,0,"Not known by me, but seems likely"
2440,Rooke,J,1,Quaker,0,"Possibly John Rooke (1802-1879), manufacturing chemist, of Manchester; or his brother Joseph Rooke (1791-1868), manufacturing chemist, of Liverpool"
2441,Rosling,Alfred,1,Quaker,0,"Probably Alfred Rosling (1802-1892), cooper and timber merchant, of Reigate; possibly his son of the same name (1832-1922), timber merchant, of Reigate"
2442,Rowntree,John S,1,Quaker,0,"Probably John Stephenson Rowntree (1834-1907), grocer and tea dealer, of York; long entry in 1908 Annual Monitor; entry in Oxford DNB; but possibly John Smithson Rowntree (1827-1872), rates and fares manager for the NER, of Bradford"
2443,Rowntree,Joseph,1,Quaker,0,"Probably Joseph Rowntree (1801-1859), grocer and tea dealer, of York; 24-page memoir in 1860 Annual Monitor; entry in Oxford DNB; but possibly Joseph Rowntree (1808-1880), corn miller, of Thornton-le-Dale and Stockton-on-Tees"
2444,Rundall,Samuel,1,Quaker,0,"Probably Samuel Rundell (1763-1848), worsted manufacturer, of Liskeard, Cornwall; 11-page obit. in Annual Monitor"
2445,Russell,Henry,1,Quaker,0,Multiple possibilities
2446,Sams,Joseph,1,Quaker,0,"Either Joseph Sams (1784-1860), bookseller and schoolmaster, of Darlington; entry in Oxford DNB; or Joseph Sams (1808-1862), banker, of Thornbury, Gloucestershire"
2447,Sanders,J A,1,Quaker,0,"Error in dates, but probably Joseph Alfred Sanders (b. 1822, York)"
2448,Sansom,Mary,1,Quaker,0,"Possibly Mary Sansom (1778-1860), of Tideford, Cornwall"
2449,Scatterthwaite,Micheal,1,Quaker,0,"Probably Michael Satterthwaite (1812-1861), schoolmaster, of Wilmslow, Cheshire"
2450,Scatterthwaite,S,1,Quaker,0,Multiple possibilities
2452,Seebohm,Benjamin,1,Quaker,0,"Probably Benjamin Seebohm (1798-1871), wool merchant, of Bradford and Luton; 19-page memoir in 1872 Annual Monitor; but possibly his son of the same name (1839-1907), banker, of Hitchin, Bedford, and Luton"
2453,Seebohm,William,1,Quaker,0,"Possibly Wilhelm Seebohm (1807-1876), of Hamburg, whose daughter married Joseph Rowntree"
2454,Sessions,Charles,1,Quaker,0,"Possibly Charles A. Sessions (1823-1891), of Charlbury"
2457,Simpson,Robert,1,Quaker,0,Multiple possibilities
2458,Smith,Alfred,1,Quaker,0,Multiple possibilities
2459,Smith,Edward,1,Quaker,0,Multiple possibilities
2460,Smith,Richard,1,Quaker,0,Multiple possibilities
2461,Snowden,Ann,1,Quaker,0,"Possibly Ann (Bentley) Snowden (1796-1888), of Edgbaston; 4-page obit. in 1889 Annual Monitor; wife of John Snowden"
2462,Southall,C,1,Quaker,0,"Possibly Constance Ann (Merrick) Southall (1801-1890), of London, wife of Rittson Southall; 6-page obit. in 1891 Annual Monitor"
2463,Southall,William,1,Quaker,0,"Probably William Southall (1797-1866), druggist and dyer, of Birmingham; possibly William Southall (1825-1886), druggist and manufacturing chemist, of Birmingham"
2464,Sparkes,William,1,Quaker,0,"Probably William Sparkes (d. after 1848), father of John Morse Sparkes; possibly William Sparkes (1805-1881), Worcester ironmonger"
2465,Spence,Joseph F,1,Quaker,0,"I have no Joseph Spence with this middle initial, though the Spence family were certainly Quakers (I have Spence forebears myself); possibly this is Joseph Spence (1819-1889), draper and alderman, of Tynemouth, whose mother's surname was Foster - i.e. he may have been styling himself as Joseph Foster Spence [speculation only]"
2466,Squire,L,1,Quaker,0,"Probably Lovell Squire (1809-1892), teacher, of York, Falmouth, and Chiswick; 6-page obit. in 1893 Annual Monitor; possibly Louisa Squire (1799-1889), of Dorking"
2467,Steevens,Mary,1,Quaker,0,"Either Mary Steevens (1784-1864), of High Wycombe; or Mary (____) Steevens (1791-1872), of Reading, wife of Joseph Seymour Steevens"
2468,Sterry,Henry,1,Quaker,0,"Probably Henry Sterry (1803-1869), Southwark oilman, brother of Joseph Sterry; possibly Henry Sterry (b. 1799, Finsbury Square)"
2469,Sterry,Richard,1,Quaker,0,"Probably Richard Sterry (1784-1865), oil merchant, of London; possibly his son of the same name (1821-1896), gentleman, of Basingstoke"
2470,Stevens,John,1,Quaker,0,Multiple possibilities
2471,Sturge (Mrs),Joseph,1,Quaker,0,"Probably Hannah (Dickinson) Sturge (1816-1896), philanthropist; entry in Oxford DNB; wife of Joseph Sturge (1793-1859); possibly Sarah Elizabeth (Nesbit) Sturge (1821-1901), wife of Joseph Sturge (1818-1874)"
2472,Styles,Sarah,1,Quaker,0,"possibly Sarah (____) Styles (1787-1864), of Rochester, wife of Robert Styles; the dates aren't a perfect match, but I have no other suggestions"
2473,Tatham,George N,1,Quaker,0,"I have a George North Tatham (1772-1850), but clearly the dates don't work; I don’t know his father's name, but perhaps he too was a George North Tatham"
2474,Tatham,Mary Ann,1,Quaker,0,"I have a Mary Ann Tatham (1794-1867), of Adel, near Leeds; but I don't know whether or not this was her married name"
2475,Taylor,Edward,1,Quaker,0,"Possibly Edward Taylor (b. 1816), about whose parentage I have more information"
2476,Taylor,F,1,Quaker,0,"Possibly Frederic Taylor (1828-1900), schoolmaster, private secretary, and agent, of Sunderland; 4-page obit. in 1901 Annual Monitor"
2478,Taylor,H,1,Quaker,0,Multiple possibilities
2479,Thistlethwaite,A,1,Quaker,0,Multiple possibilities
2480,Thompson,F J,1,Quaker,0,"Probably Francis James Thompson (1813-1896), Bridgwater ironmonger; 7-page obit. in 1898 Annual Monitor"
2481,Thompson,Josiah,1,Quaker,0,Three possibilities
2482,Thompson,Thomas,1,Quaker,0,Multiple possibilities
2483,Thompson,W,1,Quaker,0,Multiple possibilities
2485,Treffry,George,1,Quaker,0,"I have quite a few with this surname, but the only George I have was born in 1848"
2486,Tuckett,Frederick,1,Quaker,0,"Probably Frederick Tuckett, about whom I only know that he was a son of Philip Debell and Elizabeth Tuckett, so brother to Francis"
2488,Tuke,W,1,Quaker,0,"Possibly William Tuke (1811 - before 1877), of Winteringham"
2489,Turner,Thomas,1,Quaker,0,"One or two possibles, but I don't have sufficient info to be sure"
2490,Veale,James E,1,Quaker,0,"Probably James Veale (1801-1882), St Austell grocer, whose mother's maiden name was Edey; 15-page obit. in 1884 Annual Monitor; brother of Richard and William"
2491,Walker,Jonathan,1,Quaker,0,"Either Jonathan Walker (1814-1885), of Ulverstone; or Jonathan Walker (1823-1890), Manchester tea dealer; 1-page obit. in 1891 Annual Monitor"
2492,Wallis,Ann,1,Quaker,0,"Possibly Ann Wallis (1791-1876), of Luton; but this could be her married name"
2493,Warner,John,1,Quaker,0,"Either John Warner (1806-1845), London brassfounder; half-brother of Charles Bonham Warner; or John Warner (1776-1852), London brassfounder; their father"
2494,Waterhouse,Alfred,1,Quaker,0,"Either Alfred Waterhouse (1798-1873), cotton broker, of Liverpool; 5-page obit. in 1875 Annual Monitor; or his son of the same name (1830-1905), architect, of Newbury; entry in Oxford DNB"
2495,Waterhouse,Mary,1,Quaker,0,"Probably Mary (Bevan) Waterhouse (1805-1880), wife of the elder Alfred; but there are a few other possibilities"
2496,Waterhouse,R,1,Quaker,0,"Probably Rogers Waterhouse (1807-1868), cotton broker, of Liverpool; brother to the elder Alfred; possibly Rebecca Waterhouse (1824-1906), niece to Alfred and Rogers"
2497,Wedmore,Thomas,1,Quaker,0,"Probably Thomas Wedmore (1810-1897), of Bristol; possibly Thomas Wedmore (1837-1886), of Portishead"
2498,Wells,James,1,Quaker,0,"Either James Wells (1781-1871), of Chelmsford; or James Wells (1813-1889), of Kettering"
2499,Wheeler,Daniel,1,Quaker,0,"Probably Daniel Wheeler (1771-1840), farmer, porter dealer, seed merchant &c., of Sheffield; 13-page memoir in 1842 Annual Monitor; entry in Oxford DNB; possibly his son Daniel Wheeler (1812-1858), cotton spinner, of Bristol; 3-page obit. in 1849 Annual Monitor"
2500,Whiting,W,1,Quaker,0,"Probably William Whiting (1805-1889), of Tottenham"
2501,Williams,John Jun,1,Quaker,0,Multiple possibilities
2502,Williams,W R,1,Quaker,0,"Possibly William Robert Williams (1835-1859), of New Ross, Ireland"
2503,Wilson,Charles,1,Quaker,0,"Either Charles Wilson (1813-1900), woollen draper and clothier, of Preston; or Charles Wilson (1815-1886), merchant, shipowner &c., of Bishopwearmouth and Shotley Bridge; 4-page obit. in 1888 Annual Monitor, jointly with his wife"
2504,Wilson,George,1,Quaker,0,Multiple possibilities
2505,Wilson,Isaac,1,Quaker,0,"Probably Isaac Wilson (1822-1899), ironmaster and MP, of Nunthorpe, Yorkshire; possibly his father of the same name (1784-1844), woollen manufacturer, of Kendal"
2506,Wilson,Joseph,1,Quaker,0,"Possibly the Joseph Wilson whose wife Jane, of Westmorland, died in 1842"
2507,Wilson,Rebecca,1,Quaker,0,"Possibly Rebecca (____) Wilson (1777-1861), of Liverpool, wife of Edward Wilson"
2508,Wise,H,1,Quaker,0,Possibly Hannah Wise (1794-1864)
2509,Woods,William,1,Quaker,0,"Probably William Woods (1834-1919), of Wallasey, Cheshire"
2510,Wright,Louisa,1,Quaker,0,"Possibly Louisa Wright (1792-1879), of Bristol; but this may be her married name"
2511,Bowden,James,1,Quaker,1,"If this was James Bowden, recording clerk of London Yearly Meeting, I have two sets of dates that may or may not relate to the same individual; this would need further checking"
2512,Nash,William,1,Quaker,1,"Either William Nash (1773-1850), of Hoxton; or William Nash (1790-1879), painter, of London"
2513,Sturge,Joseph,1,Quaker,1,"Probably Joseph Sturge (1793-1859), corn factor and railway director, of Birmingham; 5-page obit. in 1860 Annual Monitor; entry in Oxford DNB; brother of Charles, Edmund, and Thomas Marshall; possibly Joseph Sturge (1818-1874)"
2514,Grimshaw,William Jun,1,Quaker,1,"Either William Grimshaw (1798-1853), London watch manufacturer; or William Grimshaw (1812-1900), of Sunderland; both had fathers named William"
2515,Knight,Henry,1,Quaker,1,"Either Henry Knight (1784-1863), of London and Swansea; or Henry Knight (1811-1885), pharmaceutical chemist, of Gloucester and Belfast; one or two other possibilities for whom I have incomplete information"
2516,Paull,Edward,1,Quaker,1,"Edward Paull (1795-1886), of Peckham"
2517,Alsop,Robert Jun,1,Quaker,1,"Robert Alsop (1803-1876), pharmaceutical chemist, of London; 6-page memoir in 1877 Annual Monitor"
2518,Barclay,Abram Rawlinson,1,Quaker,1,"Abraham Rawlinson Barclay (1793-1845), author, s. of Robert Backlay (1758-1816)"
2519,Barclay,John,1,Quaker,1,"John Barclay (1821-1889), druggist, of Falmouth"
2520,Barrett,Richard,1,Quaker,1,"Richard Barrett (1784-1855), London brass-founder; 5-page obit. in Annual Monitor"
2521,Barry,John Thomas,1,Quaker,1,"John Thomas Barry (1789-1864), pharmaceutical chemist, of London"
2522,Bedford,Peter,1,Quaker,1,"Peter Bedford (1780-1864), silk weaver, of Spitalfields"
2523,Bell,John,1,Quaker,1,Insufficient identifying evidence
2524,Christy,Thomas,1,Quaker,1,"Probably Thomas Christy (1776-1846), hat manufacturer; 5-page obit. in 1847 Annual Monitor; but also possibly his son of the same name (1801-1877)"
2525,Darton,Samuel,1,Quaker,1,"Samuel Darton (1785-1850), bookseller & publisher, of London"
2526,Forster,Josiah,1,Quaker,1,"Josiah Forster (1782-1870), teacher and clerk of London Yearly Meeting; brother of Robert and William; 26-page memoir in 1871 Annual Monitor; some text in Oxford DNB"
2527,Forster,Robert,1,Quaker,1,"Robert Forster (1791-1873), land surveyor; brother to Josiah and William; 7-page obit. in Annual Monitor; some text in Oxford DNB"
2528,Forster,William,1,Quaker,1,"William Forster (1784-1854), philanthropist; brother to Josiah and Robert; 2-para. obit. in Annual Monitor; entry on Oxford DNB"
2529,Foster,Joseph Talwin,1,Quaker,1,"Joseph Talwin Foster (1794-1861), merchant and coal owner, of London"
2530,Hamilton,John,1,Quaker,1,Insufficient identifying evidence
2532,Harris,Edwd,1,Quaker,1,"Probably Edward Harris (1787-1852), corn factor, of Stock Newington; but possibly his son Edward Harris (1815-1901), of Stoke Newington"
2534,Holmes,Geo,1,Quaker,1,Insufficient identifying evidence
2535,Howard,Robert,1,Quaker,1,"Robert Howard (1801-1871), manufacturing chemist and landowner, of London"
2536,Kitching,John,1,Quaker,1,"John Kitching, MD (1812-1878), of Hull; 9-page obit. in 1879 Annual Monitor; brother to the Alfred Kitching, MD, b. 1821"
2538,Neatby,Joseph,1,Quaker,1,"Joseph Neatby (1774-1857), of Croydon; 5-page obit. in 1858 Annual Monitor"
2540,Sanderson,John,1,Quaker,1,Multiple possibilities
2541,Shewell,Joseph,1,Quaker,1,"Joseph Shewell (1785-1875), linen draper, of Deptford and Colchester"
2542,Stacey,George,1,Quaker,1,"George Stacey (1786-1857), Tottenham chemist, clerk of London YM; 1-page obit. in 1858 Annual Monitor"
2543,Storrs, Joseph,1,Quaker,1,"Joseph Storrs (1790-1850), silk mercer, of London"
2544,Albright,John M,1,Quaker,1,"John Marshall Albright, Quaker (1815-1909), Charlbury; 13-page obit. in 1910 Annual Monitor"
2545,Alexander,G W,1,Quaker,1,"George William Alexander (1802-1890), banker & philanthropist - entry in Oxford DNB"
2546,Alexander,Henry,1,Quaker,1,"Henry Alexander (1808-1884), ironmonger"
2547,Alexander,R D,1,Quaker,1,"Richard Dykes Alexander (1788-1866), banker, Ipswich"
2548,Allis,Thomas,1,Quaker,1,"Thomas Allis (1788-1875), naturalist, superintendent of The Retreat; entry in Milligan's Biographical Dictionary of British Quakers in Commerce and Industry"
2549,Appleton,John D,1,Quaker,1,"John David Appleton (1830-1907), 2-page obit. in Ackworth Old Scholars' Assn Annual Report"
2550,Armistead,Caroline,1,Quaker,1,"Caroline Armistead (c. 1800-1883), maiden name N/K, of Darlington, wife of Wilson Armistead"
2551,Armistead,Joseph,1,Quaker,1,"Joseph Armistead (1793-1861), of Leeds"
2552,Ash,Edward,1,Quaker,1,"Edward Ash (1797-1873), physician and bible scholar, of Norwich and Bristol; 12-page memoir in Annual Monitor"
2553,Backhouse,Alfred,1,Quaker,1,"Rachel (Barclay) Backhouse (1826-1898), wife of Alfred Backhouse, Darlington banker"
2554,Backhouse,Edmund,1,Quaker,1,"Edmund Backhouse (1824-1906), banker, JP, MP; has obit. in The Times, 8 June 1906"
2555,Backhouse,Edward Jun,1,Quaker,1,"Edward Backhouse (1808-1879), coal owner & banker of Sunderland, s. of Edward Backhouse (1781-1860); entry in Oxford DNB"
2557,Backhouse,James Jun,1,Quaker,1,"James Backhouse, FLS, FGS (1825-1890), nurseryman of York, son of James Backhouse (1794-1869); 10-page obit. in 1891 Annual Monitor; some material in Oxford DNB"
2558,Backhouse,John Church,1,Quaker,1,"John Church Backhouse (1811-1868), Darlington banker; 3-page obit. in 1860 Annual Monitor"
2559,Baker,J E,1,Quaker,1,"John Edward Baker (1828-1908), blacking manufacturer, of Birmingham; obit. in AOSA Annual Report"
2560,Baker,James,1,Quaker,1,"James Baker (1814-1875), draper, of York; 4-page obit. in 1877 Annual Monitor"
2561,Balkwill,A P,1,Quaker,1,"Alfred Payne Balkwill (1834-1914), pharmaceutical chemist, of Plymouth; 7-page obit. and photo in 1915 Annual Monitor"
2562,Ball,William,1,Quaker,1,"William Ball (1801-1878), attorney at law, of Bristol; 46-page obit. in 1879 Annual Monitor"
2563,Barclay,Eliza,1,Quaker,1,"Eliza (Backhouse) Barclay (1812-1884), of Darlington; 27-page obit. in 1885 Annual Monitor"
2565,Barclay,J Gurney,1,Quaker,1,"(Joseph) Gurney Barclay, FRAS (1816-1898), banker, of Leyton, Essex; 5-page obit. in 1900 Annual Monitor"
2567,Barrett,Jonathan,1,Quaker,1,"Jonathan Barrett (1790 - after 1847), London brass-founder"
2568,Barrett,R,1,Quaker,1,"Richard Barrett (1784-1855), London brass-founder; 5-page obit. in Annual Monitor"
2569,Barrow,R C,1,Quaker,1,"Richard Cadbury Barrow (1827-1894), tea & coffee merchant, of Birmingham"
2571,Barter,S,1,Quaker,1,"Samuel Barter (1809-1880), tobacco & snuff manufacturer, of Reading"
2572,Bassett,John D,1,Quaker,1,"John Dollin Bassett (1786-1878), banker & draper, of Leighton Buzzard"
2573,Baynes,John,1,Quaker,1,"John Baynes (1784-1869), dyer, of Sheffield; 4-page obit. in 1870 Annual Monitor, jointly with his wife"
2574,Beaumont,John,1,Quaker,1,"John Beaumont (1785-1862), hatter, of London and Woodbridge"
2575,Beaumont,Rebecca,1,Quaker,1,"Rebecca (Stacey) Beaumont (1784-1866), of Stamford Hill, wife of Abraham Beaumont, pharmaceutical chemist"
2576,Beaumont,William,1,Quaker,1,"William Beaumont (1789-1869), tanner, of Newcastle-upon-Tyne"
2577,Beck,Samuel,1,Quaker,1,"Samuel Beck (1830-1913), upholsterer & cabinet maker, of Hastings; 4-page obit. and photo in 1914 Annual Monitor"
2578,Beesley,Deborah,1,Quaker,1,"Deborah (West) Beesley (1804-1887), of Banbury, 2nd wife of Samuel Beesley, baker there"
2579,Bevan,Paul,1,Quaker,1,"Paul Bevan (1783-1868), coal merchant, of Tottenham; 7-page obit. in 1869 Annual Monitor"
2580,Bevan,Robert,1,Quaker,1,"Robert Bevan (1784-1854), of Suffolk"
2581,Binyon,Martha A,1,Quaker,1,"Martha Ann (Spriggs) Binyon (1816-1896), of Worcester, wife of Thomas Binyon"
2582,Binyon,Thomas,1,Quaker,1,"Thomas Binyon (1795-1865), tea dealer, of Worcester"
2583,Birchall,S,1,Quaker,1,"Samuel Birchall (1818-1864), wool merchant, of Leeds"
2584,Blain,Thomas,1,Quaker,1,"Thomas Blain (1813-1889), of Sunderland"
2585,Blunsom,J,1,Quaker,1,"John Blunsom (1804-1872), Northampton draper"
2586,Bott,W,1,Quaker,1,"William Bott (1816-1885), of Chelmsford"
2587,Bowley,Christopher,1,Quaker,1,"Likely to be a Quaker, but I can't find a match that works"
2588,Bowley,W C,1,Quaker,1,"William Crotch Bowly (1797-1861), mealman of Cirencester - except the death date is a problem"
2589,Bracher,Edwin,1,Quaker,1,"Edwin Bracher (1826-1911), pharmaceutical chemist, of Wincanton; 2-page obit. in Annual Monitor; son of James"
2590,Bracher,James,1,Quaker,1,"James Bracher (1795-1862), grocer, of Wincanton"
2591,Bradshaw,Lucy,1,Quaker,1,"Lucy Bradshaw (1792-1862), of Stoke Newington; 3-page obit. in Annual Monitor"
2592,Brady,G S,1,Quaker,1,"George Stewardson Brady (1831-1921), micropalaeontologist and professor natural history, of Sunderland and Sheffield; son of Henry Brady"
2593,Braithwaite,Joseph B,1,Quaker,1,"Joseph Bevan Braithwaite (1818-1905), conveyancing barrister, of Islington; entry in Oxford DNB; 38-page obit. in 1907 Annual Monitor"
2594,Braithwaite,S,1,Quaker,1,"Samuel Braithwaite (1820-1870), worsted spinner, of Bradford"
2595,Brewin,Charles,1,Quaker,1,"Charles Brewin (1793-1856); source for this is http://www.pennyghael.org.uk/Lloyd.pdf - one of the descendancy trees published by Charles E.G. Pease, which are very reliable indeed)"
2596,Brewin,Robert,1,Quaker,1,"Robert Brewin (1805-1889), coal merchant, of Cirencester"
2597,Brewin,Thomas,1,Quaker,1,"Thomas Brewin (1777-1854), of Birmingham"
2598,Brewin,William,1,Quaker,1,"William Henry Brewin (1813-1882), of Cirencester; brother of Robert"
2599,Brown,Francis,1,Quaker,1,"Francis Brown (1804-1899), wine merchant, of Brighton; 3-page obit. in 1901 Annual Monitor"
2600,Brown,Gopsill,1,Quaker,1,"Gopsill Brown (1798-1867), Gloucester merchant"
2601,Brown,W W,1,Quaker,1,"William Wright Brown (1830-1901), ironmonger, of Evesham; 2-page obit. in 1903 Annual Monitor"
2602,Burgess,J F,1,Quaker,1,"John Funston Burgess (1789-1862), corn dealer, of Stoke Newington"
2603,Burgess,Wilson,1,Quaker,1,"Wilson Burgess (1804-1872), Leicester woolstapler"
2604,Burlingham,Henry,1,Quaker,1,"Henry Burlingham (1813-1896), ironmonger, of Evesham"
2605,Burtt,Jonathan,1,Quaker,1,"Jonathan Burtt (1807-1892), of York"
2606,Burtt,P,1,Quaker,1,"Petchell Burtt (1818-1885), coal agent, of York"
2607,Buxton,Edward North,1,Quaker,1,"Sir Edward North Buxton, 2nd baronet (1812-1858), MP, of Cromer and West Ham"
2608,Cadbury,James,1,Quaker,1,"James Cadbury (1802-1888), linen draper, grocer, & wine merchant, of Grimsbury, Oxfordshire"
2610,Candler,John M,1,Quaker,1,"John M. Candler not known to me; but John N., John W., or just John, are all possible"
2611,Carroll,Edward,1,Quaker,1,"Edward Carroll (1784-1865), of Cork"
2612,Cash,Joseph,1,Quaker,1,"Joseph Cash (1784-1870), stuff merchant and businessman, of Coventry; 3-page obit. in 1871 Annual Monitor)"
2613,Cash,Newman,1,Quaker,1,"Newman Cash (1792-1866), stuff merchant and railway director, of Leeds"
2614,Cash,William,1,Quaker,1,"William Cash (1792-1849), stuff/woollen warehouseman, a founder of the Friends' Provident Institution; 2-page obit. in 1850 Annual Monitor"
2615,Catchpool,R D,1,Quaker,1,"Richard Davison Catchpool (1822-1890), Reading ironmonger; son of Thomas Catchpool"
2616,Catchpool,Thomas,1,Quaker,1,"Thomas Catchpool (1786-1860), Colchester ironmonger"
2617,Chalk,Thomas,1,Quaker,1,"Thomas Chalk (1786-1869), linen draper, of Kingston upon Thames; 18-page obit. in 1870 Annual Monitor"
2618,Charelton,Elizabeth,1,Quaker,1,"Elizabeth (Fox) Charleton (1793-1867), of Bristol, 2nd wife of James Charleton; 6-page obit. in 1868 Annual Monitor"
2619,Charleton,James,1,Quaker,1,"James Charleton (1780-1847), sugar refiner, of Bristol"
2620,Charleton,Robert,1,Quaker,1,"Robert Charleton (1809-1872), Bristol manufacturer, son of James Charleton from his first marriage; 32-page obit. in Annual Monitor; entry in Oxford DNB"
2621,Christy,Richard,1,Quaker,1,"Richard Christy (1819-1898), cotton manufacturer"
2622,Clark,Cyrus,1,Quaker,1,"Cyrus Clark (1801-1866), shoe manufacturer, of Street, Somerset; brother to James and Joseph"
2623,Clark (2),James,1,Quaker,1,"James Clark (1811-1906), shoe manufacturer, of Street; 12-page obit. in 1907 Annual Monitor; brother to Cyrus and Joseph"
2624,Clark,Joseph,1,Quaker,1,"Joseph Clark (1799-1877), farmer and corn dealer, of Street; brother to Cyrus and James"
2625,Clark,W S,1,Quaker,1,"William Stephens Clark (1839-1925), shoe manufacturer, of Street; entry in Oxford DNB"
2626,Cook,George,1,Quaker,1,"George Cook (1796-1874), of Wellington, Somerset"
2627,Cotterell,J H,1,Quaker,1,"Jacob Henry Cotterell (1817 to 1868), land surveyor, of Bristol; 1-page obit. in 1869 Annual Monitor"
2628,Cresson,Elliott,1,Quaker,1,"Elliott Cresson (1796-1854), of Philadelphia; entry on Wikipedia"
2629,Crewdson,W D,1,Quaker,1,"William Dillworth Crewdson (1774-1851), banker, Yearly Meeting clerk, of Kendal; or his son of the same name (1799-1878), banker, of Kendal"
2630,Cropper,Ann,1,Quaker,1,"Ann (Wakefield) Cropper (1797-1876), of Dinglebank, Lancashire; wife of John"
2631,Cropper,James,1,Quaker,1,"James Cropper (1823-1900), paper manufacturer and politician; son of John and Ann; entry in Oxford DNB"
2632,Cropper,John,1,Quaker,1,"John Cropper (1797-1874), merchant, of Liverpool; husband of Ann"
2633,Crosfield,Joseph,1,Quaker,1,"Joseph Crosfield (1821-1879), tea merchant, of Liverpool and London, son of George Crosfield (1785-1847)"
2634,Crosfield,William,1,Quaker,1,"William Crosfield (1805-1881), sugar refiner, of Liverpool; or his son of the same name (b. 1839)"
2635,Cross,Jeremiah,1,Quaker,1,"Jeremiah Cross (1801-1867), hosier, of Banbury; 1-para. obit. in 1869 Annual Monitor"
2636,Cross,Martha,1,Quaker,1,"Martha (Sewell) Cross (1776-1860), of Colchester; wife of William Cross, tailor and draper"
2637,Crouch,Edward A,1,Quaker,1,"Edward Anson Crouch (1800-1860), flour merchant and mine purser, of Liskeard, Cornwall"
2638,Crowley,Abraham,1,Quaker,1,"Abraham Crowley (1796-1864), brewer, of Alton, Hampshire"
2639,Crowley,Frederick,1,Quaker,1,"Frederick Crowley (1825-1910), brewer of Alton, Hampshire, son of Abraham Crowley; 4-page obit. and photo in 1911 Annual Monitor"
2640,Cudworth,J,1,Quaker,1,"Dates don't work for John Cudworth (1786-1861), tea dealer of Leeds; possibly his son John William Cudworth (1821-1903), Leeds solicitor"
2641,Cudworth,Mary,1,Quaker,1,"Mary (Thompson) Cudworth (1821-1882), of Darlington, wife of William Cudworth"
2642,Cudworth,William,1,Quaker,1,"William Cudworth (1815-1906), engineer to the North-Eastern Railway"
2643,Darby,Lucy,1,Quaker,1,"Lucy (Burlingham) Darby (1782-1870), wife of Edmund Darby, ironmaster, of Coalbrookdale"
2644,Day,Richard,1,Quaker,1,"Richard Day (1782-1853), of Saffron Walden"
2645,Dent,William,1,Quaker,1,"William Dent (1778-1861), farmer; 6-page obit. in 1862 Annual Monitor"
2646,Dickinson,Barnard,1,Quaker,1,"Barnard Dickinson (1781-1852), ironmaster, of Coalbrookdale; 10-page obit. in 1863 Annual Monitor"
2647,Dimsdale,Elizabeth G,1,Quaker,1,"Elizabeth Gurney Dimsdale (1821-1912), of York"
2648,Doubleday,J,1,Quaker,1,"Joseph Doubleday (1809-1899), of Halstead, Essex; brother of Robert"
2649,Doubleday,R,1,Quaker,1,"Robert Doubleday (1816-1904), of Halstead; brother of Joseph"
2650,Eaton,Joseph,1,Quaker,1,"Joseph Eaton (1792-1858), iron merchant, of Bristol"
2651,Emmott,Thomas,1,Quaker,1,"Thomas Emmott (1823-1892), cotton manufacturer and insurance director, of Oldham"
2652,Exton,Mary,1,Quaker,1,"Mary (Ransom) Exton (1793-1860), of Hitchin; 10-page obit. in Annual Monitor; wife of William"
2653,Exton,William,1,Quaker,1,"William Exton (1786-1851), Hitchin banker; husband of Mary"
2654,Fisher,Abraham,1,Quaker,1,"Abraham Fisher (1784-1871), miller, of Cork and Neath"
2656,Fowler,Rachel,1,Quaker,1,"Rachel Fowler (1797-1882), of Melsham, Wiltshire"
2657,Fowler,Thomas,1,Quaker,1,"Thomas Fowler (1791-1851), London banker; father of Robert N. Fowler"
2658,Fox,Alfred L,1,Quaker,1,"Alfred Lloyd Fox (1829-1885), manufacturer, consul, and shipping agent, of Falmouth; 19-page obit. in 1886 Annual Monitor"
2659,Fox,Francis E,1,Quaker,1,"Seems likely, but I can't find an exact match that works with these dates"
2660,Fox,Frederick H,1,Quaker,1,"Frederick Hingston Fox (1825-1910), timber merchant, of Plymouth; 3-page obit. in 1911 Annual Monitor"
2661,Fox,J G,1,Quaker,1,"Jane Gurney (Backhouse) Fox (1814-1860), wife of Robert Barclay Fox"
2662,Fox,R Barclay,1,Quaker,1,"(Robert) Barclay Fox (1817-1855), Falmouth merchant; entry on Wikipedia; best fit, despite dates"
2663,Frith,Philip,1,Quaker,1,"Philip Frith ((1767-1844), of Thornton Heath, near Croydon"
2664,Fryer,Frederick,1,Quaker,1,"Frederick Fryer (1824-1872), tea dealer, of Rastrick, Yorkshire; 6-page obit. in 1873 Annual Monitor"
2665,Gayner,John,1,Quaker,1,"John Gayner (1824-1911), of Bristol; 8-page obit. and photo in 1913 Annual Monitor"
2667,Gibson,Deborah,1,Quaker,1,"Deborah (Stacey) Gibson (1793-1877), of Saffron Walden, widow of Wyatt George Gibson"
2668,Gilkes,E,1,Quaker,1,"Edgar Gilkes (1821-1894), Middlesbrough engineer"
2669,Gillett,Charles,1,Quaker,1,"Charles Gillett (1830-1895), Banbury banker; 3-page obit. in 1897 Annual Monitor; some text in Oxford DNB"
2670,Gillett,Jonathan,1,Quaker,1,"Jonathan Gillett (1808-1892), banker and plush manufacturer, of Banbury"
2672,Godlee,Burwood,1,Quaker,1,"Burwood Godley, (1802-1882), coal merchant and banker, of Lewes"
2673,Grace,Alexander,1,Quaker,1,"Alexander Grace (1837-1929), miller and corn merchant, of Bristol"
2675,Gurney,Anna,1,Quaker,1,"Anna Gurney (1795-1857), author and Old English scholar; entry in Oxford DNB"
2676,Gurney,Edmund,1,Quaker,1,"Possibly Edmund Gurney, b. Bristol, 1801, about whom I have no further info"
2677,Gurney,Henry E,1,Quaker,1,"Henry Edmund Gurney (1821-1905), bill broker, of Reigate"
2679,Gurney,John,1,Quaker,1,"Rev. John Gurney (1809-1856), of Earlham, Norfolk"
2680,Gurney,Samuel,1,Quaker,1,"Probably Samuel Gurney, FLS, FRGS (1816-1882), philanthropist and banker, of London; 12-page obit. in 1883 Annual Monitor; entry in Oxford DNB; although there could be an overlap with his father Samuel Gurney (1786-1856), also philanthropist and banker, of Essex, also with an entry in Oxford DNB"
2683,Hack,Daniel P,1,Quaker,1,"Daniel Pryor Hack (1794-1886), Brighton draper; 23-page obit. in 1887 Annual Monitor"
2684,Hack,John Barton,1,Quaker,1,"John Barton Hack (1805-1884), currier, farmer, merchant, & accountant, of Chichester and Adelaide; obit. in the Australian Dictionary of Biography"
2685,Hanbury,Cornelius,1,Quaker,1,"Cornelius Hanbury (1796-1869), pharmaceutical chemist, of London; 16-page obit. in 1870 Annual Monitor"
2686,Hanbury,Cornelius x Jun,1,Quaker,1,"Cornelius Hanbury, FRCS, FCS (1827-1916), pharmacologist, of Richmond; son of Cornelius Hanbury (1796-1869)"
2687,Hanbury,Daniel Bell,1,Quaker,1,"Daniel Bell Hanbury (1794-1882), pharmaceutical chemist, of London; brother to Cornelius Hanbury senior"
2688,Hare,Samuel,1,Quaker,1,"Samuel Hare (1821-1900), of Darlington; 3-page obit. in 1901 Annual Monitor"
2689,Harford,Charles L,1,Quaker,1,"Charles Lloyd Harford (1799-1882), b. Ebbw Vale, m. in Worcester"
2690,Harford,John,1,Quaker,1,"John Harford (1768-1851), of Bristol"
2691,Harford,Summers,1,Quaker,1,Summers Harford (1795-1873)
2692,Hargreaves,William,1,Quaker,1,"William Hargreaves (1804-1874), of Sheffield"
2693,Harlock,John,1,Quaker,1,"John Harlock (1821-1923), of Banbury"
2694,Harris,Theodore,1,Quaker,1,"Theodore Harris (1832-1900), banker, of Leighton Buzzard; 6-page obit. in 1902 Annual Monitor"
2696,Hester,Gray,1,Quaker,1,"Gray Hester (1800-1882), of Holloway"
2697,Hewitson,M A,1,Quaker,1,"Mary Ann Hewitson (1811-1907), of Leeds; obit. in 1908 Annual Monitor"
2698,Hipsley,Henry,1,Quaker,1,"Henry Hipsley (1810-1889), woollen draper and tea merchant, of York and London; 6-page obit. in 1891 Annual Monitor"
2699,Hodgkin,John,1,Quaker,1,"John Hodgkin (1800-1875), London barrister; 18-page memoir in 1876 Annual Monitor; entry in Oxford DNB"
2700,Holdsworth,J,1,Quaker,1,"John Holdsworth (1810-1870), furniture broker, fustian manufacturer, & cotton spinner, of Eccles; brother of Richard Holdsworth"
2701,Holdsworth,Richard,1,Quaker,1,"Richard Holdsworth (1818-1898), furniture broker, of Wakefield; brother of John Holdsworth"
2702,Holmes,G B,1,Quaker,1,"George Bax Holmes (1804-1887), of Horsham, Sussex"
2704,Horman-Fisher,S,1,Quaker,1,"Samuel S.H. Horman-Fisher (d. after 1895); no further information, except this his wife Jane d. in Bristol in 1895)"
2705,Horne,Robert,1,Quaker,1,"Robert Horne (1813-1883), paper stainer and decorator, of London"
2706,Horniman,John,1,Quaker,1,"John Horniman (1803-1893), grocer, cheese factor, and tea dealer; 8-page obit. in 1894 Annual Monitor"
2707,Horsnaill,Charles,1,Quaker,1,"Charles Horsnaill (1803-1874), corn dealer, of Maidstone and Canterbury"
2708,Horsnaill,W C,1,Quaker,1,"William Cleverly Horsnaill (1812-1861), corn factor, of Rochester; 2-page obit. in 1862 Annual Monitor"
2709,Hotham,Sarah,1,Quaker,1,"Sarah (Mallinson) Hotham (1812-1875), of Leeds; 11-page obit. in 1876 Annual Monitor; widow of James Hotham, linen draper"
2710,Howard,Luke,1,Quaker,1,"Luke Howard (1772-1864), manufacturing chemist and meteorologist, of London; entry in Oxford DNB"
2711,Howitt,William,1,Quaker,1,"William Howitt (1792-1879), druggist and writer, of Nottingham; entries on Oxford DNB and Australian Dictionary of Biography"
2712,Hubbert,Rachel,1,Quaker,1,"Rachel (____) Hubbert (1793-1878), of Tottenham; widow of John Hubbert, wool dealer"
2713,Hudson,Joseph,1,Quaker,1,"Joseph Hudson (1784-1868), of Barrow on Soar"
2714,Huntley,John,1,Quaker,1,"John Huntley (1784-1871), biscuit baker, of Reading"
2715,Huntley,Joseph,1,Quaker,1,"Joseph Huntley (1807-1895), ironmonger and tin box manufacturer, of Reading; 2-page obit. in 1896 Annual Monitor"
2716,Hutchinson,Martha,1,Quaker,1,"Martha Hutchinson (b. 1801), of Islington"
2717,Impey,R,1,Quaker,1,"Robert Impey (1820-1886), tanner, seedsman, and farmer, of Street, Somerset"
2718,James,Edward,1,Quaker,1,"Edward James (1801-1870), merchant and soap manufacturer, of Plymouth; 3-page obit. in Annual Monitor"
2719,Janson,A,1,Quaker,1,"Alfred Janson (1800-1876), of Tottenham"
2720,Janson,William,1,Quaker,1,"William Janson (1805-1868), Lloyds underwriter, of London"
2721,Johnston,Andrew,1,Quaker,1,"Andrew Johnston (1798-1862), MP and banker in the Gurney family bank; wife Priscilla has entry in Oxford DNB"
2722,Johnston,Andrew & Jun,1,Quaker,1,"Andrew Johnston (1798-1862) and his son Andrew Johnston, MP (1835-1922)"
2724,Jowett,John,1,Quaker,1,"John Jowitt (1811-1888), Leeds woolstapler; entry in Oxford DNB"
2726,King,W D,1,Quaker,1,"William Doubleday King (1801-1870), Sudbury draper"
2727,Knight,J H,1,Quaker,1,"John Harvey Knight (1802-1872), accountant, of London and Southampton"
2728,Knott,T,1,Quaker,1,"Thomas Knott (1796-1871), medical chemist, of Exeter; 5-page obit. in Annual Monitor"
2729,Leatham,Edward A,1,Quaker,1,"Edward Aldam Leatham (1828-1900), Wakefield banker and MP"
2730,Lister,Isabella,1,Quaker,1,"Isabella (Harris) Lister (1792-1864), schoolteacher; wife of Joseph Jackson Lister"
2732,Lloyd,Wilson,1,Quaker,1,"Wilson Lloyd, FRGS, FSA (1835-1908), colliery proprietor and MP, of Wednesbury, Staffordshire"
2733,Lowe,Haggar,1,Quaker,1,"Haggar Lowe (1783-1868), skinner and furrier, of Southwark; 4-page obit. in 1869 Annual Monitor."
2734,Lucas,Edmund,1,Quaker,1,"Edmund Lucas (1799-1864), Westminster coal merchant"
2735,Lucas,Frederick,1,Quaker,1,"Frederick Lucas (1812-1855), journalist and politician, of Staines; entry in Oxford DNB"
2736,Lucas,Jeffrey,1,Quaker,1,"Jeffery Lucas (1810-1855), Hitchin banker"
2737,Lucas,Martha,1,Quaker,1,"Martha Lucas (1800-1883), of Hitchin"
2738,Lucas,Samuel,1,Quaker,1,"Samuel Lucas (1805-1870), brewer and painter, of Hitchin; entry in Oxford DNB"
2739,Lucas,William Jun,1,Quaker,1,"William Lucas (1804-1861), brewer and farmer, of Hitchin; son of William"
2740,Lury,Harford,1,Quaker,1,"Harford Lury (1822 - after 1892), of Bristol"
2741,Lury,J E,1,Quaker,1,"John Elton Lury (1826-1873), of Southampton"
2742,Mann,W,1,Quaker,1,"William Mann (1810-1885), of Copley, near Halifax"
2743,Marriage,Caroline,1,Quaker,1,"Caroline Marriage (1801-1884), of Chelmsford"
2744,Marsh,Edward,1,Quaker,1,"Edward Marsh (1812-1884), London clothier"
2745,Marsh,Thomas William,1,Quaker,1,"Although there was a Quaker of this name, consistent with these dates, the attribution of 'Captain' doesn't remotely fit"
2746,Maw,Thomas,1,Quaker,1,"Thomas Maw (1772-1849), paper maker, chemist and druggist, of Needham Market, Suffolk; 1-page obit. in 1850 Annual Monitor"
2747,May,Edward C,1,Quaker,1,"Dr Edward Curtis May (1796-1877), surgeon, of Tottenham; 8-page obit. in 1878 Annual Monitor"
2748,May,Francis,1,Quaker,1,"Francis May (1803-1885), grocer and match manufacturer, of London and Reigate; entry in Oxford DNB"
2749,Mayfield,John,1,Quaker,1,"John Mayfield (1788-1873), of Westminster"
2750,Merrick,Josiah,1,Quaker,1,"Josiah Merrick (1798-1883), of Manchester; 4-page obit. in 1884 Annual Monitor"
2751,Morland,John,1,Quaker,1,"John Morland (1794-1867), umbrella manufacturer, of Croydon"
2752,Neighbour,George L,1,Quaker,1,"George Lynes Neighbour (1818-1879), of Esher, Surrey"
2753,Newman,Josiah,1,Quaker,1,"Josiah Newman (1812-1884), grocer, of Leominster"
2754,Norris,William,1,Quaker,1,"William Norris (1793-1875), of Coalbrookdale"
2755,Norton,Thomas,1,Quaker,1,"Thomas Norton (1797-1868), wheelwright and coachbuilder, of Peckham and Bermondsey; 5-page obit. in 1869 Annual Monitor"
2757,Norton,William,1,Quaker,1,"William Norton (1799-1883), spice dealer, of Peckham, Bermondsey, and Woodbridge; brother of Thomas Norton jun."
2758,Nutter,William,1,Quaker,1,"William Nutter (1803-1876), of Edgbaston"
2759,Packer,J J,1,Quaker,1,"James John Packer (1837-1863), printer and stationer, of Thirsk. 14-page obit. in 1865 Annual Monitor"
2760,Palmer,George,1,Quaker,1,"George Palmer (1818-1897), biscuit manufacturer, of Reading; entry in Oxford DNB"
2761,Payne,Reuben C,1,Quaker,1,"Reuben Craven Payne (1808-1872), of Bridgwater"
2762,Pease,Arthur,1,Quaker,1,"Arthur Pease (1837-1898), coal owner and MP; 7-page obit. in 1899 Annual Monitor"
2763,Pease,Edward,1,Quaker,1,"I have no Edward Pease who fits both dates, but there are at least two possibilities if two people of the same name have been conflated here"
2764,Pease,Gurney,1,Quaker,1,"Gurney Pease (1839-1872), Darlington merchant; 6-page obit. in 1873 Annual Monitor"
2765,Pease,Henry Fell,1,Quaker,1,"Henry Fell Pease (1838-1896), MP, of Darlington"
2766,Pease,John,1,Quaker,1,"John Pease (1797-1868), woollen manufacturer and director of the Stockton/Darlington Railway; 21-page obit. in 1869 Annual Monitor"
2767,Pease,John B,1,Quaker,1,"John Beaumont Pease (1803-1873), woollen merchant and landowner, of Darlington"
2768,Pease,Joseph,1,Quaker,1,"Not sure what's meant by 'late E'; probably Joseph Pease (1799-1872), MP, railway projector, iron master, and coal owner, of Darlington; 9-page obit. in 1873 Annual Monitor; entry in Oxford DNB"
2769,Pease,Joseph Whitwell,1,Quaker,1,"Joseph Whitwell Pease, 1st baronet (1828-1903), industrialist and banker, of Darlington and Falmouth; entry in Oxford DNB"
2770,Pease,Susan,1,Quaker,1,"Susan (Pease) Busk (1817-1873), of Leeds, who married in 1851"
2771,Pease,Thomas,1,Quaker,1,"Thomas Pease (1816-1884), landed proprietor and stuff merchant, of Leeds; 11-page obit. in 1885 Annual Monitor"
2772,Peckover,Algernon,1,Quaker,1,"Algernon Peckover (1803-1893), Wisbech banker; brother of William"
2773,Peckover,William,1,Quaker,1,"William Peckover (1790-1877), Wisbech banker; brother of Algernon"
2774,Penney,Robert H,1,Quaker,1,"Robert Horne Penney (1822-1902), shop owner and coal & timber merchant, of Brighton; 7-page obit. in 1904 Annual Monitor"
2775,Pitt,Isaac,1,Quaker,1,"Isaac Pitt (1813-1872), cheese factor, of Cirencester; 18-page obit. in Annual Monitor"
2776,Post,Jacob,1,Quaker,1,"Jacob Post (1744-1855), shopkeeper and religious writer, of Islington; entry in Oxford DNB"
2777,Price,Joseph T,1,Quaker,1,"Joseph Tregelles Price (1784-1854), ironmaster, of Neath; 8-page obit. in Annual Monitor; entry in Oxford DNB"
2778,Prideaux,Lydia,1,Quaker,1,"Lydia Prideaux (b. 1790, Falmouth); daughter of Lydia (Fox) Price, of the Quaker Fox family"
2779,Priestman,Samuel,1,Quaker,1,"Samuel Priestman (1800-1872), corn miller and railway & insurance director, of Hull; 14-page obit. in 1873 Annual Monitor"
2780,Pryor,John,1,Quaker,1,"John Pryor (1797-1877), London merchant"
2781,Pumphrey,G R,1,Quaker,1,"George Richardson Pumphrey (1830-1862), grocer, of Newcastle and York; 11-page memoir in 1863 Annual Monitor"
2782,Read,W P,1,Quaker,1,"William Pryor Read (1804-1881), of Hitchin"
2783,Reckitt,Isaac,1,Quaker,1,"Isaac Reckitt (1792-1862), wool merchant, miller, corn factor, starch manufacturer, of Nottingham, Hull, and elsewhere"
2784,Rees,Jonathan,1,Quaker,1,"Jonathan Rees (1792-1877), Neath ironmaster; 4-page obit. in 1869 Annual Monitor"
2785,Reynolds,Jane,1,Quaker,1,"Jane Reynolds (1801-1879), of Bristol"
2786,Richardson,G E,1,Quaker,1,"George Etheridge Richardson (1830-1908), of Reigate"
2787,Rickman,John,1,Quaker,1,"John Rickman VI (1774-1859), brewer, of Lewes; father of Richard, Rachel, Matilda and Priscilla"
2788,Rickman,Josephina,1,Quaker,1,"Josephina Christina Rickman (b. 1808, Newington)"
2789,Rickman,Matilda,1,Quaker,1,"Matilda Rickman (b. 1800, Lewes), d. of John Rickman VI, sister of Richard, Priscilla and Rachel"
2790,Rickman,Priscilla,1,Quaker,1,"Priscilla Rickman (1800-1859), of Lewes, d. of John Rickman VI, sister of Richard, Matilda and Rachel"
2791,Rickman,R,1,Quaker,1,"Rachel Rickman (1799-1886), of Lewes, d. of John Rickman VI, sister of Richard, Priscilla and Matilda"
2792,Rickman,R P,1,Quaker,1,"Richard Peters Rickman (1805-1876), Hastings ironmonger, s. of John Rickman VI, brother of Rachel, Matilda and Priscilla"
2793,Robson,Isaac,1,Quaker,1,"Isaac Robson (1800-1885), grocer and tea merchant, of Liverpool and Huddersfield; 9-page obit. in 1886 Annual Monitor"
2794,Robson,J S,1,Quaker,1,"John Stephenson Robson (1802-1888), grocer and draper, of Saffron Walden; 11-page obit. in 1889 Annual Monitor"
2795,Rosling,Joseph,1,Quaker,1,"Joseph Rosling (1830 - after 1860), son of the elder Alfred Rosling"
2796,Rosling,Samuel,1,Quaker,1,"Samuel Rosling (1796-1885), corn merchant, of Peckham, Hemel Hempstead, Reigate, and Reading"
2797,Rowntree,John,1,Quaker,1,"John Rowntree (1821-1894), grocer and draper, of Scarborough"
2798,Rowntree,W,1,Quaker,1,"William Rowntree (1806-1901), Scarborough draper; 7-page obit. in 1902 Annual Monitor, jointly with his wife"
2799,Rundell,Sarah,1,Quaker,1,"Sarah (James) Rundell ((1764-1856), of Liskeard and Falmouth, 2nd wife of Samuel Rundell"
2800,Rutter,John F,1,Quaker,1,"John Farley Rutter (1824-1899), solicitor, of Mere, Wiltshire; 11-page obit. in 1901 Annual Monitor"
2801,Rutter,Samuel,1,Quaker,1,"Samuel Rutter (1810-1876), corn merchant and baker, of Bath"
2802,Sayce,E,1,Quaker,1,"Edward Sayce (1813-1892), woollen draper, of Stockport and Melbourne"
2803,Scarr,Hannah,1,Quaker,1,"Hannah (Fletcher) Scarr (1789-1866), landed and house proprietor, of York, widow of John Scarr"
2804,Seebohm,F,1,Quaker,1,"Frederic Seebohm (1833-1912), banker and historian, of Hitchin; 12-page obit. and photo in 1913 Annual Monitor; entry in Oxford DNB; son of the elder Benjamin Seebohm"
2805,Seekings,John R,1,Quaker,1,"John Read Seekings (1805-1866), Birmingham grocer"
2806,Sessions,James,1,Quaker,1,"James Sessions (1791-1860), maltster and brewer, of Charlbury"
2807,Sessions,Lydia,1,Quaker,1,"Lydia Sessions (1798-1882), of Charlbury, housekeeper to her brother James"
2808,Sessions,Robert,1,Quaker,1,"Robert Sessions (1808-1873), grocer, draper, and china & glass dealer, of Charlbury; 2-page obit. in Annual Monitor; brother of James and Lydia"
2809,Sewell,Abraham,1,Quaker,1,"Abraham Sewell (1789-1865), grocer and tallow chandler, of Great Yarmouth and Malton"
2810,Sewell,E F,1,Quaker,1,"Edward Fuller Sewell (1822-1895), Whitby grocer; son of Abraham"
2811,Sewell,Joseph,1,Quaker,1,"Joseph Sewell (1771-1854), of Colchester"
2812,Sewell,Phillip,1,Quaker,1,"Phillip Sewell (1767-1857), of Wereham, Norfolk"
2813,Sharples,Joseph,1,Quaker,1,"Joseph Sharples (1791-1871), Hitchin banker"
2814,Shewell,John T,1,Quaker,1,"John Talwin Shewell (1782-1866), linen draper, of Ipswich; 11-page obit. in 1867 Annual Monitor"
2815,Short,Thomas,1,Quaker,1,"Thomas Short (1788-1882), farmer, of Liskeard, Cornwall"
2816,Sims,W Dillwyn,1,Quaker,1,"William Dillwyn Sims (1825-1895), ironmaster, of Ipswich; 4-page obit. in 1896 Annual Monitor"
2817,Skinner,W,1,Quaker,1,"William Skinner (1836-1895), of Birmingham"
2818,Smith,Bartholomew,1,Quaker,1,"Bartholomew Smith (1814-1897), draper and grocer, of Thirsk; 7-page obit. in 1898 Annual Monitor"
2819,Smithson,George,1,Quaker,1,"George Smithson (1822-1888), of Edgbaston"
2820,Southall,E P,1,Quaker,1,"Edward Prichard Southall (1792-1878), wine and spirit merchant, of Leominster"
2821,Southall,Sarah,1,Quaker,1,"Sarah (Shorthouse) Southall (1801-1902), of Edgbaston, wife of Thomas Southall; 12-page obit. in 1903 Annual Monitor"
2823,Sparkes,J M,1,Quaker,1,"John Morse Sparkes (1807-1875), of Darlington"
2824,Squire,H,1,Quaker,1,"Henry Squire (1798-1875), of Hertford"
2825,Stansfield,John,1,Quaker,1,"John Stansfield (1818-1902), of Bradford, accountant at Friends Provident; 4-page obit. in 1903 Annual Monitor, jointly with his wife"
2826,Sterry,Joseph,1,Quaker,1,"Joseph Sterry (1800-1875), oil merchant, of Southwark; brother of Henry Sterry"
2827,Sterry,Sarah,1,Quaker,1,"Sarah Sterry (1788-1863), of Croydon"
2828,Stevens,J L,1,Quaker,1,"James Lee Stevens (1814-1866), of Colchester"
2829,Sturge,Charles,1,Quaker,1,"Charles Sturge (1801-1888), corn merchant and railway director, of Birmingham; brother of Edmund, Joseph, and Thomas Marshall"
2830,Sturge,Edmund,1,Quaker,1,"Edmund Sturge (1808-1893), manufacturing chemist, of Birmingham; 13-page obit. in 1894 Annual Monitor, jointly with his wife; brother of Charles, Joseph, and Thomas Marshall"
2831,Sturge,George,1,Quaker,1,"George Sturge (1797-1888), of Sydenham"
2832,Sturge,H J,1,Quaker,1,"Henry Jacob Sturge (b. 1822), Bristol ironmonger"
2833,Sturge,Samuel,1,Quaker,1,"Samuel Sturge (1791-1860), b. Newington, Surrey"
2834,Sturge,Thomas M,1,Quaker,1,"Thomas Marshall Sturge (1791-1869), of Gloucester; brother of Charles, Edmund, and Joseph"
2835,Sturge,Walter,1,Quaker,1,"Walter Sturge (1830-1914), of Bristol"
2836,Swan,Jemima,1,Quaker,1,"Jemima (____) Swan (1786-1868), of Dorking, widow of Robert Swan"
2837,Tanner,William,1,Quaker,1,"William Tanner (1815-1866), paper manufacturer, of Bristol; 7-page obit. in 1868 Annual Monitor"
2838,Tatum,W,1,Quaker,1,"William Tatum (1782-1862), of Rochester"
2839,Thomas,Edward,1,Quaker,1,"Edward Thomas (1794-1853), of Bristol"
2840,Thomas,George,1,Quaker,1,"George Thomas (1791-1869), Bristol grocer; 6-page obit. in 1871 Annual Monitor"
2841,Thompson,Samuel,1,Quaker,1,"Samuel Thompson (1793-1867), linen manufacturer, of Fordingbridge"
2842,Thorpe,Fielden,1,Quaker,1,"Fielden Thorp (1832-1921), headmaster of Bootham School, York"
2843,Tindale,E O,1,Quaker,1,"Enoch Oldfield Tindall (1822-1863), Scarborough ironmonger"
2844,Tindall,Robert,1,Quaker,1,"Robert Tindall (1790-1871), of Scarborough"
2845,Treffry,Joshua,1,Quaker,1,"Joshua Treffry (1803-1873), of St Austell; 7-page obit. in Annual Monitor"
2846,Tregellis,Nathaniel,1,Quaker,1,"Nathaniel Tregelles (1803-1887), Ipswich ironfounder; 1-page obit. in 1888 Annual Monitor"
2847,Tuckett,Elizabeth,1,Quaker,1,"Elizabeth (Curtis) Tuckett (1772-1845), of Frenchay, near Bristol; widow of Philip Debell Tuckett (senior) (1749-1816)"
2849,Tuckett,Francis,1,Quaker,1,"Francis Tuckett (1802-1868), publisher and leather factor, of Bristol"
2850,Tuckett,P Debell,1,Quaker,1,"Philip Debell Tuckett (junior) (1801-1872), Frenchay woolstapler"
2853,Tuke,D,1,Quaker,1,"Daniel Tuke (1813-1879), hosier and grocer, of Bradford"
2854,Tuke,J H,1,Quaker,1,"James Hack Tuke (1819-1896), tea merchant and banker, of Hitchin; 3-page obit. in 1897 Annual Monitor; entry in Oxford DNB"
2856,Tuke,Samuel,1,Quaker,1,"Samuel Tuke (1784-1857), tea merchant, asylum reformer, and philanthropist, of York; 19-page memoir in 1858 Annual Monitor; entry in Oxford DNB"
2857,Tweedy,Ann,1,Quaker,1,"Ann (Naudin) Tweedy (1772-1867), gentlewoman, of Truro; wife of William Tweedy"
2858,Tweedy,R,1,Quaker,1,"Robert Tweedy (1806 - after 1883), Truro banker"
2859,Tweedy,William,1,Quaker,1,"William Tweedy (1766-1854), of Truro"
2860,Veale,Richard,1,Quaker,1,"Richard Veale (1798-1878), of St Austell; 3-page obit. in 1880 Annual Monitor; brother of James and William"
2861,Veale,William,1,Quaker,1,"William Veale (1802-1873), St Austell woolstapler; brother of James and Richard"
2862,Wadge,John,1,Quaker,1,"John Wadge (1762-1847), of Liskeard; 2-page obit. in 1848 Annual Monitor"
2863,Walker,F J,1,Quaker,1,"Frederick John Walker (1824-1891), independent means, of Exeter and Bath"
2864,Wallis,Marriage,1,Quaker,1,"Marriage Wallis (1820-1897), wholesale provision merchant, of Brighton; 10-page obit. in 1898 Annual Monitor"
2865,Warner,Charles B,1,Quaker,1,"Charles Bonham Warner (1812-1869), London brassfounder"
2866,Warner,Septimus,1,Quaker,1,"Septimus Warner (1821-1911), of Hoddesdon; son of the elder John Warner, and brother to Charles and the younger John"
2867,Westcombe,Lucy,1,Quaker,1,"Lucy Westcombe (1810-1903), of Worcester; 8-page obit. in 1904 Annual Monitor"
2868,Westcombe,Thomas,1,Quaker,1,"Thomas Westcombe (1815-1893), of Worcester; 4-page obit. in 1894 Annual Monitor"
2869,Wheeler,Benjamin,1,Quaker,1,"Benjamin Wheeler (1778-1856), grocer, of Strood and Maidstone"
2870,Wheeler,Frederick,1,Quaker,1,"Frederick Wheeler (1807-1893), Rochester grocer; 4-page obit. in 1894 Annual Monitor"
2871,Wheeler,Samuel,1,Quaker,1,"Samuel Wheeler (1775-1858), grocer, of Strood; brother of Benjamin"
2872,Whiting,John,1,Quaker,1,"John Whiting (1819-1899), linen draper, of Leeds; 13-page obit. in 1901 Annual Monitor"
2873,Wiblin,John,1,Quaker,1,"John Wiblen (1785-1877), Guildford ironmonger"
2874,Williams,Caleb,1,Quaker,1,"Dr Caleb Williams, York surgeon; 16-page obit. in 1873 Annual Monitor"
2875,Wilson,John E,1,Quaker,1,"John Edward Wilson (1834-1907), manufacturing chemist, of Birmingham; obit. in 1908 Annual Monitor"
2876,Wilson,Joshua,1,Quaker,1,"Joshua Wilson (1806-1877), merchant, ship and landowner, of Sunderland"
2877,Woodhead,F,1,Quaker,1,"Firth Woodhead (1811-1874), grocer and tea dealer, of Liverpool"
2878,Woolston,W,1,Quaker,1,"William Woolston (1817-1898), of Wellingborough"
2879,Wright,Francis,1,Quaker,1,"Francis Wright (1774-1850), tanner, chemist, and apothecary, of Kettering"
2880,Wright,S W,1,Quaker,1,"Samuel Williams Wright (1811-1895), farmer and accountant, of Darlington and Mansfield"
