"Name","id"
Arthur William A Beckett,1
Andrew Mercer Adam,3
H R Adam,4
William Adam,5
Henry John Adams,6
William (1) Adams,7
William (2) Adams,8
William Adlam,11
Louis Agassiz,12
Anastasius Agathides,13
Augustine Aglio,14
Joseph Agnew,15
William Francis Harrison Ainsworth,16
William Baird Airston,17
Alexander Muirhead Aitken,18
Thomas Aitken,19
Rutherford Alcock,22
William Aldam,23
Frederick W Aley,25
J  McGrigor Allan,26
S  Stafford Allen,27
William Allen,28
George Allin,29
Charles Hamond Alpe,30
Crewe Alston,31
William Amhurst Tyssen Amhurst,33
George Amner,34
Edward C Anderson,35
John Anderson,36
Joseph Anderson,37
W  P Andrew,38
x Andrews,39
Matthew John Anketell,40
Thomas Chisholm Anstey,41
x Antrim,42
William Appleyard,43
William Arbuthnot,44
Frederick Scott Archer,45
Richard Edward Arden,46
Alexander Aria,47
William Armitage,48
T  B Armitstead,49
William Armstrong,51
Edward Arnold,52
Richard Arnold,53
William Arthur,54
Rodolph Arundell,55
Isidore Ascher,56
Charles Frederick Ash,57
James Ashbury,58
John Ashbury,59
William Henry Ashurst,60
Henry Ashworth,61
William Aspull,62
John Atcherley,64
Charles Atkins,65
Charles A Atkins,66
E Atkinson,67
George Atkinson,68
Alfred Aubert,72
Alois Auer,73
Arthur Daniel Aulton,74
Charles Cardale Babington,78
William Babington,79
Edward Backhouse,80
James (1) Backhouse,81
Carl Ernst von Baer,82
John Bagehot,83
Walter ('Badgett') Bagehot,84
Charles Henry Bagnall,85
Charles Stuart Bailey,86
John Bailey,87
John Bailey (2),88
James Bain,90
Thomas Baines,91
Benson Baker,92
J P Baker,93
John Baker,94
Samuel C Baker,95
William Bailey Baker,96
George Balfour,98
John Bannister,100
Henry Barber,101
Robert Baring,102
Henry Walter Barlow,105
Christopher J Barnard,106
Henry Thorowgood Barnes,107
John  Wheeldon Barnes,108
Robert Barnewall,109
Joseph Henry Barr,111
William Roby Barr,112
Thomas Squire Barrett,113
George William Barrington,114
C M Barter,115
William Edward Bartlett,116
Alfred Barton,117
John Stothert Bartrum,118
Adolf Bastian,119
Thomas Bateman,123
Ernest Bates,124
William Battye,126
Edwin Henry Baverstock,127
James Bainbridge Baxter,128
Thomas Henry Baylis,129
Samuel Beal,130
John S Beale,131
Lionel John Beale,132
Frank Carr Beard,133
Amos Beardsley,134
William Beattie,136
Richard Beaumont,138
Hugh J C Beavan,139
R C Beavan,140
Alfred Becquet,142
x Beechey,144
Hermann Beigel,145
C W  Bowdler Bell,150
James Bell,151
John Bell (2),152
Robert Bell,153
William Abraham Bell,154
Edward Bellamy,155
Henry Walter Bellew,156
William Painter Belliss,157
D Bellock,158
Lewis F Bellot,159
Adolph Bendir,160
Thomas Bendyshe,161
Charles Bennett,163
John Bennett,165
Thomas John Wesley Bennett,166
W F G Benson,167
William Ralph Benson,168
Richard Bentley,169
Bartholomew Bernasconi,170
George Bertram,171
Camille Bertrand,172
x Best,173
John Henry Biddles,176
Thomas Bigg,177
John Bilderbeck,178
Theodor Bilharz,180
Henry Corles Bingham,181
James Bird,182
R S Birkbeck,183
James Bischoff,185
Andrew Black,187
W H Black,188
William Blackmore,190
Alan Cornwall Blackstone,191
J H Blackwell,192
T A Blakely,194
Henry Jules Blanc,195
Sydney L Blanchard,196
Albert Taylor Bledsoe,197
David Blellock,198
John Hillier Blount,199
Frederick Edmund Blyth,200
Henry S Boase,201
Anatoly Petrovich Bogdanoff,203
Edward B Bogg,204
Henry George Bohn,205
John Peter Boileau,206
Henry James Bolding,207
Charles W Bollaert,208
William Bollaert,209
Louis Lucien Bonaparte,210
E Bonavia,211
George Bonavia,212
Charles Radcliffe Bond,213
Walter M Bond,214
George Bonham,215
W C Bonnerjee,216
T  George Bonney,217
Evert Julius Bonsdorff,218
James Bonsor,219
James Bonwick,220
Charles Booth,221
W W Boreham,222
Cunningham Borthwick,223
Joseph Bosworth,224
Beriah Botfield,225
x Boucher de Crevecoeur de Perthes,226
x Boudin,227
George Boulton,228
Brasseur de Bourbourg,229
x Bourien,230
Philip Bourjeaurd,231
Sydney Edward Bouverie Bouverie-Pusey,232
Frederick Bower,233
Robert Bowie,235
Thomas William Bowman,236
John Bowring,237
William Henry Wentworth Bowyer,238
William Boxall,239
William Binnington Boyce,241
Jacob Boys,242
Edward William Brabrook,243
Frederick Braby,244
Charles Holt Bracebridge,245
Thomas Braddell,246
Antonio Brady,249
James Brady,250
P A Brady,251
William Bragge,252
George M Braggiotti,253
Thomas Henry Brain,254
Charles Brainsford,255
Thomas Brankstone,256
Frank William Breach,257
A C Brebner,258
James Brebner,259
William Brent Brent,260
Charles Brett,261
D J Breuneis,262
J S Brickwood,263
Edmund J Bridell,264
John Briggs,265
Lindsay Brine,266
John Brinton,267
Bernard Edward Brodhurst,270
Benjamin Collins Brodie,271
David Brodie,272
P B Brodie,274
Frederick Brome,275
James Brooke,277
Henry (1) Brookes,278
Henry (2) Brookes,279
William Brookes,280
x Brougham,281
Charles Cornish Brown,282
Edward Brown,283
Edwin Brown,284
Edwin Ormond Brown,285
George W  (1) Brown,286
James Roberts Brown,287
John Brown,288
John Allen Brown,289
John Harcourt Brown,290
x Brown-Sequard,291
J  Cave Browne,292
Thomas Henry Browne,293
Robert Bruce,294
Ernst Wilhelm Ritter von Brucke,295
Henry Brunskill,296
George Bryant,297
Walter Buchannan,298
Ludwig Buchner,299
James Silk Buckingham,300
W E Buckley,301
James Buckman,302
William Bull,303
James Wentworth Buller,304
Henry Christopher Bunkell,305
x Bunsen,306
Henry Burden,308
Daniel Earl Burdett,309
August Friedrich Marschall von Burgholzhausen,310
John Smith Burke,312
Luke Burke,313
Hermann Burmeister,314
Samuel Burton,316
Johann Karl Eduard Buschmann,317
George Busk,318
William John Busteed,319
Henry Butler,320
James Butler,321
Charles Buxton,322
Isaac Byerley,323
George Byham,324
John O'Connell Byrne,326
Oliver Byrne,327
Benjamin Bond Cabbell,328
Henry Callaway,330
Thomas Callaway,331
John Calman,332
Luigi Calori,333
Frank Calvert,334
George Calvert,335
Charles Duncan Cameron,336
Archibald Campbell,337
Francis Campbell,338
George (1) Campbell,339
George (2) Campbell,340
Henry Campbell,341
James Campbell,343
Montgomery Campbell,345
Robert Campbell,346
T A Campbell,347
Walter Campbell,348
Francis Campin,349
William Camps,350
Thomas Cannon,351
Jean-Francois Caplin,352
Charles Capper,353
Charles Napoleon de Cardi,354
William D Carey,355
John Burford Carlill,356
Frederick Stanley Carpenter,358
Robert Carrington,359
George Carter,361
Samuel Cartwright,362
Facundo Carulla,363
Carl Gustav Carus,364
John Cassell,365
FranÃ§ois Louis Nompar de Caumont La Force Castelnau,367
Henry James Castle,368
Daniel de Castro,369
George Catlin,370
John Cavafy,372
Richard Cavendish,373
"Antonio de La, jun Cerda",374
Edwin Chadwick,375
Hugo Mavesyn Chadwick,376
John Henry Challis,377
William Chamberlin,378
Charles Harcourt Chambers,379
Escott Chambers,380
William Chambers,381
James Champley,382
Frank Chance,383
David Charles,384
Edward Charlesworth,385
Henry Charlton,386
William Charlton,387
Frederick Chatfield,389
Samuel Cheetham,390
F W Chesson,391
Hendrick Agnis Chignell,392
William Dinsdale Child,393
Robert Caesar Childers,394
Robert Walker Childs,395
Samuel Chinnery,396
William Nathan Chipperfield,397
P H Chittenden,398
T J Cholmondeley,399
William Dingle Chowne,401
Henry Christy,403
Thomas junior Christy,404
James Graham Churcher,405
Henry Clare,406
x Clarendon,407
x Clark,408
Henry Clark,409
James Clark,410
C Clarke,411
Henry Wilberforce Clarke,412
Hyde Clarke,413
John Clarke,414
Robert Clarke,415
William Henry Claus,416
William Aloysius Clavering,417
T H  Jun Clay,418
William Clay,419
John (1) Cleghorn,420
John (2) Cleghorn,421
John Cleland,422
William James Clement,423
John Clendinning,424
H Clerk,425
Maurice Philip Clifford,426
William Clift,427
Edward North Clifton,428
F W Coates,430
Henry Coates,431
Thomas Coates,432
Frederick Cock,434
John jun Cock,435
W  Spencer Cockings,436
James Coke,437
John Colam,438
W P Colchester,439
Henry Cole,440
Richard Beverley Cole,442
Vicat Cole,443
Thomas Edward Colebrooke,444
Edmund Walter Coleman,445
John Sherrard Coleman,446
x Collier,448
John Payne Collier,449
Thomas Collings,450
John Frederick Collingwood,452
S  Edwin Collingwood,453
W W Collins,454
John (1) Collinson,455
x Colonsay,457
John Congreve,458
John Conolly,459
Moncure Daniel Conway,460
Samuel John Cooke,461
William Fothergill Cooke,462
William Gifford Cookesley,463
Daniel Cooper,464
Frederick Cooper,465
Holmes Coote,466
George Ford Copeland,467
H Copham,468
Thomas Copings,469
William C Copperthwaite,470
Tullie Cornthwaite,471
William Cory,472
Frederick William Cosens,473
Handel Cossham,474
F L Cotton,475
W Coulson,476
Samuel Courtauld,477
F G Courthope,478
J  Jermyn Cowell,479
Joseph jun Cowen,480
Henry Augustus Cowper,481
Irwin Edward Bainbridge Cox,482
J W  Conrad Cox,483
W T Cox,484
James Coxe,485
Arthur Edmund Crafter,486
Henry Valentine Crassweller,487
Thomas William Craster,488
Tom junr Craston,489
Robert Crawford,490
Frederick A B Crawfurd,491
John Crawfurd,492
Oswald John Crawfurd,493
W J Crichton,496
George Critchett,498
J  McGregor Croft,499
Thomas Francis Dillon Croker,500
J M Crolly,501
A G Cross,502
Henry Crowley,503
Jonathan Sparrow Crowley,504
George Rayner Croxford,505
Moore A Cuffe,506
Richard Cull,507
Henry Syer Cuming,509
Richard S Cunliffe,510
Alexander Cunningham,511
Manockjee Cursetjee,512
Edward Barrett Hodges Curteis,513
John Cuthbert,514
John Richmond Cuthbert,515
George Cutler,516
William Barrington D'Almeida,517
Marie-Armand de Castera-Macaya D'Avezac,518
Jean Baptiste Julien D'Omalius d'Halloy,519
S J Da Costa,520
x Daa,521
T Dakin,522
David Dale,523
G P Dall,524
Eugene Dally,525
G  Wythes Daniell,527
William Freeman Daniell,529
Robert Dukinfield Darbishire,531
Frederick Whittock Darby,532
Camille Dareste,533
P  Francis Dart,534
George Russell Dartnell,535
Charles Darwin,536
Erasmus (Ras) Darwin,537
George Webbe Dasent,538
Arthur Dashwood,539
Samuel Davenport,540
John George Davey,541
John Davidson,542
I Davie,543
F  Drummond Davies,544
Jesse Conway Davies,545
William Davies,546
Edmund Francis Davis,547
Frederick E Davis,548
George Henry Daw,553
William Boyd Dawkins,554
George Dawson,555
Walter F Dawson,556
G T Day,557
Samuel Phillips Day,558
John junr De Horne,559
Octave Delepierre,560
Walter Cooper Dendy,561
George Denman,563
George Dennis,565
x Derby (formerly Stanley),566
M Des Barres,567
Jules Desnoyers,568
Charles William Devis,569
x Devonshire,570
Hugh Welch Diamond,571
George Dibley,572
John jun Dickinson,573
John Jun Dickinson,574
Henry Dickman,575
Charles Sheffield Dickson,576
Peter Dickson,577
Ernest Dieffenbach,579
x Diezmann,580
Charles Wentworth Dilke,581
John Dingle,582
Henry Distin,584
Thomas J Dobson,586
Jacob Ludwig Dohne,587
William Donald,588
John Donaldson,589
x Donnell,590
Cornelius Donovan,591
Bernard Dorn,592
James Dowie,593
John Langdon H Down,594
Alexander Downing,596
Arthur Edward Downing,597
Washington Downing,598
James T J Doyle,600
D I Drakeford,602
James F Draper,603
Gustavus Dressler,604
Robert A Drew,605
H Driver,606
John Drummond,607
Paul Belloni Du Chaillu,608
C A Du Val,609
Gustaf Von Duben,610
x Dublin,611
Frederick Duckworth,612
Henry Duckworth,613
Samuel Duckworth,614
William Duckworth,615
R E Dudgeon,616
Reginald R Dudley,617
J R Duggan,618
W N Duggan,619
Emile Duhousset,620
Conrad C Dumas,621
x Dumon,622
Alexander Duncan,623
David Duncan,624
Francis Duncan,625
Peter Martin Duncan,626
R  Murray Dundas,627
Alfred John Dunkin,628
Alexander Milne Dunlop,629
R H W Dunlop,630
Robert Dunn,631
x Dunraven & Mountearl,632
Patrick Frederick Durham,634
Robert Dyce,635
William Thistleton Dyer,636
Robert Eadie,637
George Windsor Earl,638
William Eassie,639
Joseph William Eastwood,640
Alexander Ecker,641
Conrad Eckhard,642
Casper W Eddy,643
Thomas Edmonston,644
J  Passmore Edwards,645
John Edwards,646
William Edwards-Schneegans,647
Charles William Eeles,648
Francis Egerton,649
George Granville Francis Egerton,650
x Egypt,651
John Elder,652
x Eliot,653
John Ellerton,654
Walter Elliot,655
J H Elliott,656
C H  Fairfax Ellis,657
James Ellis,658
Jonathan W Elmes,659
John Elphinstone,660
Mountstuart Elphinstone,661
Joel Emanuel,662
Jacob Epstein,663
John E Erichsen,664
Victor Erlanger,665
William Erle,666
Adolf Ernst,667
Kennedy Erskine,668
x Euclide,669
William Euing,670
Edward Bickerton Evans,671
John Evans,672
Richard Tonson Evanson,674
William Ewart,676
Arthur B Ewen,677
Edward John Eyre,678
William Fairbairn,679
R W Fairbank,681
Edmund Farmer,682
x Farquharson,683
Adam Storey Farrar,684
J G Faught,687
Adolphe Duchart Fauvet,688
Frederick Fearon,689
W S Featherstone,690
Alexis Fedschenko,691
George Edgeworth Fenwick,692
William Ferguson,693
John Fergusson,694
Leopold Ferny,695
Alexander Fiddes,696
Edwin Foxton Firby,698
Frederick Firebrace,699
James Firm,700
James (1) Fischer,701
Robert Fischer,702
Edward Gardiner Fishbourne,703
Anthony Lax Fisher,704
Morton Coates Fisher,706
Robert Fitzroy,707
F H Fitzwilliam,708
William S Fitzwilliam,709
George Fleming,710
James William Fleming,711
John B Fletcher,712
Joseph Fletcher,713
Alphonse de Fleuriot de Langle,714
Walter Flight,715
John Wickham Flower,716
John Folhurst,717
George Folsom,718
David Forbes,720
Duncan W Forbes,721
W Forester,722
Joseph James Forrester,723
Richard Fort,724
G A Forteath,725
Balthazar Walter Foster,728
M Foster,729
Robert Nicholas Fowler,730
William Fowler,731
Charles Henry Fox,732
William Henry Francklyne,733
Augustus Wollaston Franks,734
Alexander Adolphus Fraser,735
Alexander Colvin Fraser,736
Thomas Fraser,738
Henry Stanhope Freeman,739
x Freme,740
Sydney French,741
H  Albert Freuler,742
William Freund,743
John Friend,744
Anton Fritsch,745
Danby Palmer Fry,746
Stephen D Fuller,747
A  de Fullner,748
Michael Cudmore Furnell,749
Albert Fytche,750
Paolo Gaddi,751
Richard M Gage,752
Griffin Curtis Galt,753
Douglas Galton,754
Francis Galton,755
Antonio Garbiglietti,756
Felix Garden,757
John Gardiner,758
C T Gardner,759
Charles Henry Gardner,760
E V Gardner,761
Peter Gardner,762
William H Garrett,764
Thomas B Gascoyne,765
John Peter Gassiot,766
Charles Henry Gatty,767
J Gaus,768
x Gawler,769
David Gay,770
Alex  Nidda Genthe,771
x Georgei,772
Paul Gervais,773
George Duncan Gibb,774
Craig Gibson,775
George Stacey Gibson,776
Enrico Hillyer Giglioli,778
Joseph Gill,779
William Gillespie,780
Andrew Gilmour,782
x Giraldes,783
James William Glass,784
x Glasse,785
Spyridon Glaucopides,786
Albert Gledstanes,787
J  S  Stuart Glennie,788
John Hawley Glover,789
George Grenfell Glyn,790
Edwin Goadby,791
x Gobineau,792
William Goddard,793
Thomas Godrich,794
Augustus Goldsmid,795
Isaac Lyon Goldsmid,796
Thomas Gole,797
Thomas Gooch,798
William Gooch,799
Charles Rowland Goodman,800
Arthur Gordon Gordon,801
Richard Thomas Gore,802
A L  (pere) Gosse,803
Hippolyte-Jean Gosse,804
John Gould,805
Charles Edward Gover,806
James Gowans,807
D G Goyder,808
x Granville,811
Pierre Gratiolet,812
John Grattan,813
Ryves William Graves,814
John Grayling,815
Frederick Green,816
Frederick King Green,817
George Courthope Green,818
Sidney Faithhorn Green,819
George Bellas Greenough,822
Henry Greenway,823
William Greenwell,824
Edward Greey,825
William Rathbone Greg,826
Alexander Gregg,827
Walter Gregor,828
J R Gregory,829
Charles Edward Grey,830
George Grey,831
Henry Rowland Ellison Grey,832
x Gribble,833
H G Gridley,834
Frederick Griffin,835
Lepel Griffin,836
John Griffith,837
Richard Trygarn Griffith,838
Francis Griffiths,839
J C Griffiths,840
Richard Clewin Griffiths,841
James Oliff Griffits,842
John Grover,845
Charles Groves,846
Joseph Tatton Russell Groves,847
Augustus Guest,848
William Vernon Guise,849
John Gunn,850
Henry Francis Jeune Guppy,851
Samuel Guppy,852
John Henry Gurney,853
Alexander Guthrie,855
James Guthrie,856
Johann Franz ('Julius') Haast,857
Johann Georg Hahn,858
William Hall,861
Henry Hallam,862
Ernst Hallier,863
Alexander C Hamilton,864
Archibald Hamilton,865
Rowland Hamilton,867
C D Hammond,868
William Alexander Hammond,869
Henry Fletcher Hance,870
H J B Hancock,871
James Ronaldson Handyside,872
Richard Davis Hanson,874
Edward B Harbour,875
Clarence Harcourt,876
Charles Harding,878
William Harding,879
William Hardman,880
Charles J Harland,881
Henry Harland,882
C E Harle,883
Thomas Harlin,884
J A W Harper,885
Samuel Harraden,886
F W Harrer,887
Arthur B Harris,888
James Penn Harris,890
William Cornwallis Harris,892
Charles (1) Harrison,893
William G S Harrison,894
William Henry Harrison,895
Alfred Edmund Harriss,896
Ernest Abraham Hart,897
John Harvey,898
John E Harvey,899
Frederick Augustus Haserick,900
James Hastie,901
John Hastings,902
Richard Haughton,903
Samuel Foster Haven,904
George Hawkins,905
Walter Hawkins,907
John Hay,908
W E Hay,909
Ferdinand Vandeveer Hayden,910
Thomas Hayle,912
R W Haynes,913
William Stephens Hayward,914
Edward Charles Healey,916
Dunbar Isidore Heath,917
G J D Heath,918
John Heaton,919
Alexander Hector,920
Peter Christian Heldman,922
W G Helsby,923
Alexander Henderson,924
David Mitchell Henderson,925
P Henderson,926
Robert Henderson,927
Alfred Gutteres Henriques,928
Joseph Henry,929
M H Henry,930
James Hepburn,931
Robert Hepburn,932
John Mason Hepworth,933
Henry A Hertz,934
Maximilian Herz,935
Matthew Heslop,936
T P Heslop,937
B Hewitt,938
Jonas B Hewitt,939
Alfred Hewlett,940
James Heywood,941
James Higgin,942
Alfred Higgins,943
x Hildebrand,945
Arthur Hill,946
Dallas Hill,947
George Hill,948
L  Doake Hill,949
R  Harvey Hilliard,951
J Hillier,952
x Hincks,953
Benjamin Hinde,955
Frederick Hindmarsh,956
George T Hine,957
August Hirsch,958
Wilhelm His,959
x Hitchman,960
W Hitchman,961
W G E Hobbs,963
F H Hobler,964
von Hochstetter,965
Thomas Hodge,966
Thomas (1) Hodgkin,967
Brian Houghton Hodgson,968
Kirkman Daniel Hodgson,969
"x Hoeven, Van der",970
Carl Alphonse Hoffman,971
J W Holgate,973
Jennings Holgate,974
James Holland,975
Robert Hollond,976
x Holmberg,977
H N Holme,978
William Holmes,979
H  le Hon,980
T H Hood,981
Joseph Hooker,982
Frederick William Hope,984
James Hope,985
John Baker Hopkins,986
W J S Horton,987
John Camden Hotten,988
Henry Hotze,989
x Houghton,990
Alfred Robert Houghton,991
Edward Price Houghton,992
Frederick Hovenden,994
Alfred How,995
C F Howard,996
W T Howard,997
H W Howarth,998
Oswald Bloomfield Howell,999
Henry Hoyle Howorth,1000
Charles William Hoyland,1001
F Hudson,1003
Henry Hudson,1004
Robinson Hudson,1005
Richard Hughes,1006
T A Hughes,1007
Thomas McKenny Hughes,1008
Hamilton J Hulcee,1009
Thomas Humble,1010
"Alexander Humboldt, Von",1011
Augustus H Hunt,1012
George S  Lennon Hunt,1013
James Hunt,1014
John (1) Hunt,1015
John (2) Hunt,1016
William Wilson Hunter,1017
Frank J Husband,1018
H A Husband,1019
G A Hutchinson,1020
Jonathan Hutchinson,1021
Thomas Henry Huxley,1024
Josef Hyrtl,1025
Walter Hyslop,1026
William Imrie,1027
Joseph Ince,1028
Robert Ingham,1029
John Inglis,1030
Robert M Inman,1031
A Ioannides,1033
Arthur Constantine Ionides,1034
J  Clayfield Ireland,1036
Alexander Isbester,1037
x Isenburg,1038
George James Ivey,1039
Frederick R Izard,1040
Henry (the father) Jackson,1042
Henry (the son) Jackson,1043
Henry Willan Jackson,1044
Henry William (1) Jackson,1045
J  Hughlings Jackson,1046
J W Jackson,1047
Le Grand Jacob,1049
x Jagor,1050
George Alexander James,1051
Horatio Gay James,1052
F H Janson,1054
William Jardine,1055
John Jarratt,1056
John Moore Jeffcott,1057
Frederick John Jeffery,1058
William S Jeffery,1059
Edmund Jeffries,1060
Charles Jellicoe,1061
Newton Edward Jennings,1062
William Jennings,1063
Leonard Jenyns LATER Blomefield,1064
William Jepson,1065
C Jervise,1066
Henry Edward Jessop,1067
Augustus Jessopp,1068
George Curling Joad,1070
Arthur Johnson,1072
Henry Johnson,1073
Henry James Johnson,1074
Henry Moreton Johnson,1075
Richard Johnson,1076
J C  Hope Johnstone,1077
x Johore,1078
C  Treasure Jones,1080
J  Pryce Jones,1081
James Jones,1082
John Jones,1083
Robert Jones,1084
W T Jones,1085
William Jones,1086
William Arthur Jones,1087
William Jordan,1088
Algernon Joy,1089
Ernst Juch,1090
Francisco Delgado Jugo,1091
J  Beete Jukes,1092
J Kaines,1093
x Kalmus,1095
G Kasimates,1096
x Kaup,1097
J W  (1) Kaye,1098
J W  (2) Kaye,1099
William Keene,1100
Walter K Kelly,1101
William Kelly,1102
William Henry Kemm,1103
T M Kendall,1104
James (1) Kennedy,1105
Richard Hartley Kennedy,1106
Claude Buchanan Ker,1107
James Kernahan,1108
W B Kesteven,1109
Nicolai de Khanikof,1110
Joshua Edward Killick,1111
William Kincaid,1112
David King,1113
Edwin Holborow King,1114
Joseph Charles King,1115
Richard King,1117
S W King,1118
William King,1119
Phillip Kingsford,1120
Charles Kingsley,1121
W R H Kinlay,1122
David Kinloch,1123
Robert Reid Kirkwood,1125
Andrew Valentine Kirwan,1126
Richard Kirwan,1127
Samuel Kisch,1128
J L Knapp,1129
William Knight,1130
Robert Knox,1131
de Koninck,1134
Isidor Kopernicki,1135
x Koren,1136
Samuel Harley Kough,1137
Alfred von Kremer,1138
William White La Barte,1139
George Lade,1141
Samuel Laing,1143
Thomas Josiah Laing,1144
Thomas Lampray,1145
Jones Lamprey,1147
John Lancaster,1148
T A  Augustus Land,1149
Edwin Lander,1150
Vavasour Joseph Lane,1151
Augustus Henry Lane Fox later Pitt Rivers,1152
Andrew Lang,1153
Samuel Lang,1154
William Lang,1155
J Langlands,1156
R Langlands,1157
J R Langley,1158
Edouard Lartet,1159
Robert Gordon Latham,1160
William Latta,1161
John Zachariah Laurence,1162
Thomas Laurie,1163
Joseph Law,1164
Edward Lawford,1165
Edward (1) Lawrence,1166
Frederick Lawrence,1167
John Lawrence,1168
William Lawrence,1169
J Lawson,1170
William Lawson,1171
Henry N Lay,1172
Austen Henry Layard,1173
x Layland,1174
x Le Bret,1175
Edwin Lee,1176
Frederick George Lee,1177
George Byrne Lee,1178
John Lee (2),1179
John Edward Lee,1180
Richard Lee,1181
Conrad Leemans,1182
Samuel Lees,1183
J G S Lefevre,1184
x Lefroy,1185
William Benjamin Leggatt,1186
Louis Leguay,1188
Joseph Leidy,1189
Henry Leighton,1190
x Lelorrain,1192
Arthur Charles Wriothesley Lennox,1193
Richard Lepsius,1194
Samuel Allen Letts,1195
Karl Georg Friedrich Rudolf Leuckart,1196
W  Hanks Levy,1197
Malcolm Lewin,1198
Charles Francis Lewis,1200
James Lewis,1201
x Library of the Corporation of London,1202
Charles Linder,1203
Gustaf Lindstrom,1204
John Lister,1206
Joseph Lister,1207
x Literary and Philosophical Society,1208
F T Littey,1209
W J Little,1210
Robert Liveing,1211
David Lloyd,1213
Edmund Lloyd,1214
Francis Lloyd,1215
William Horton Lloyd,1216
James L Lobley,1217
William Lockhart,1218
Joseph Norman Lockyer,1219
Abraham Logan,1220
J R Logan,1221
x Londesborough,1222
"Corporation Library London, City of",1223
William Long,1224
William Longman,1225
Henry Lonsdale,1226
Edward Lord,1227
J K Lord,1228
Horatio Love,1229
Basil Lovery,1230
x Lovewell,1231
Mark Anthony Lower,1232
D Lubach,1233
John Lubbock,1235
Johann Constantin August Lucae,1236
Thomas Lucas,1237
William Charles Lucy,1238
J W Lukis,1239
William Collings Lukis,1240
Edward Lund,1241
John Alfred Lush,1242
Coryndon H Luxmoore,1243
Philip Powys Lybbe Lybbe,1244
Charles Lyell,1245
Henry Bowden Lyle,1246
William Hunter Lyle,1247
John Macartney,1248
D G F Macdonald,1249
William MacDonald,1250
John Gray Macfarlane,1251
G Macgowan,1252
John Mackenzie,1253
K Mackenzie,1254
Kenneth Robert Henderson Mackenzie,1255
Samuel Joseph Mackie,1256
Draper Mackinder,1257
Lauchlan Mackinnon,1258
Charles E Mackintosh,1259
Daniel Mackintosh,1260
David Mackintosh,1261
J Mackrell,1262
Charles Donald Maclean,1263
Hector Maclean,1264
Samuel Maclean,1265
George Macleay,1266
Andrew Maclure,1267
Charles James Major,1269
Charles Malcolm,1271
William Elphinstone Malcolm,1272
Alfred Mallalieu,1273
Filippo Manetta,1274
Robert James Mann,1276
Angelo Manzoni,1277
Clements Robert Markham,1279
W T Marriott,1281
Robert C Marsden,1282
Matthew Henry Marsh,1283
x Marshale,1284
George William Marshall,1285
Peter Marshall,1286
Robert Marshall,1287
William Marshall,1288
Benbow Backhouse Marson,1289
Edward Martin,1290
Edward W Martin,1291
H  Victor Martin,1292
J  Ranald Martin,1293
John (2) Martin,1295
Richard Biddulph Martin,1296
Thomas Martin,1297
x Martin-Magron,1298
Nicholas Martindale,1299
James Wood Mason,1300
Joseph Mason,1301
W Mason,1303
Hervy Masterson,1304
James Mathieson,1305
Henry Matthews,1306
Henry Garland Matthews,1307
Samuel E Maunsell,1308
Edward V Maur,1309
Alfred Maury,1310
George Maw,1311
Daniel Maxwell,1312
Nicholas M Maxwell,1313
Peter Benson Maxwell,1314
Edward Hooper May,1315
Thomas May,1316
John Edwin Mayall,1317
Joseph Mayer,1318
William Frederick Mayers,1319
Thomas Mayne,1320
John S Mayson,1321
Alexander McArthur,1323
Andrew McCallum,1324
Arthur Edward McCallum,1325
James McClelland,1326
John McCormick,1327
William McCoskry,1328
James McCraith,1329
James McCrevey,1330
John McDonnell,1331
George McHenry,1332
John Ferguson McLennan,1334
Walter McLeod,1335
John Frederick McNair,1336
H McNicholl,1337
Barr Meadows,1338
Thomas Taylor Meadows,1339
John Medd,1340
William H Medd,1341
Charles William Carter Madden Medlicott,1342
James Aitken Meigs,1343
John Magens Mello,1344
Robert Menzies,1345
Evan Powell Meredith,1346
Etienne Gustave Mery,1349
Edward Meryon,1350
Samuel Messenger,1351
Samuel Rush Meyrick,1352
Alexander Michie,1353
J Middleton,1354
John M  (or H ) Middleton,1355
Louis Remy Mignot,1356
Franciscus Miklosich,1357
William Augustus Miles,1358
John Mill,1359
John Miller,1361
Joseph Milligan,1362
Henry F Mills,1364
J M C Mills,1365
A Milne,1366
Thomas Milne,1367
Henri Milne-Edwards,1368
W R Milner,1369
x Milton,1370
B G Miraglia,1372
J B Mirrlees,1373
Albert Mitchell,1375
Alexander (1) Mitchell,1376
Arthur Mitchell,1377
William Henry Mitchell,1379
William Stephen Mitchell,1380
Rajendralala Mitra,1381
St George J Mivart,1382
C  Poorooshottum Modeliar,1383
Robert G Moger,1384
Matthew Moggridge,1385
Alexander Moir,1386
J  Macrae Moir,1387
Jakob Moleschott,1388
Frederick William Monk,1389
William Monk,1390
J Monro,1392
Frederick Butler Montgomerie,1393
Patrick Montgomery,1394
Robert Mortimer Montgomery,1395
John Moody,1396
x Moon,1397
George Moore,1398
Henry Reginald Moore,1399
J  Daniel Moore,1400
James H Moore,1401
John (1) Moore,1402
John (2) Moore,1403
Joseph Moore,1404
Robert Waters Moore,1405
William Gosling Moore,1406
Modeliar P S Mootoosaumy,1407
Fortescue John Morgan,1408
John Morgan,1409
Thomas H Morgan,1410
William Henry Morgan,1411
Thomas B Moriarty,1412
Alexander Morison,1413
James Cotter Morison,1414
Charles Adolphe Morlot,1415
David Morris,1416
Edward Morris,1417
Edward Rowley Morris,1418
Eugene Morris,1419
H C  Grove Morris,1420
J P Morris,1421
John Morris,1422
Richard Morris,1423
James Holmes Morrison,1424
Richard James ('Zadkiel') Morrison,1425
Walter Morrison,1426
Edward John Morshead,1427
John Mortimer,1428
John Robert Mortimer,1429
Joseph Mosheimer,1430
Svend Mosling,1431
Thomas Moss,1432
C B Mosse,1433
George Mott,1435
Joseph Mould,1437
Walter Moxon,1438
J Muir,1439
Henry Muirhead,1440
August Muller,1441
Ferdinand Muller,1442
Friedrich Max Muller,1443
Johan Muller,1444
Richard Mullins,1445
x Munro,1446
Francis Kerridge Munton,1447
Roderick Impey Murchison,1448
Edward W Murphy,1449
Edward Murray,1450
J C Murray,1451
John Murray,1452
John (1) Murray,1453
John (2) Murray,1454
John George Musgrave,1455
G N Mussabini,1456
N G Mussabini,1457
Dadabhai Naoroji,1458
Charles Ottley Groom Napier,1459
William Napier,1460
William Donald Napier,1462
D W Nash,1463
Davyd William Nash,1464
Robert Lucas Nash,1465
Samuel Nash,1466
Alexander Nasmyth,1467
F B  Bernard Natusch,1468
Dominico Navoni,1469
J  Dormer Neale,1470
Francis G P Neison,1471
William Neison,1472
George Nesbitt,1473
J R Neville,1474
Robert Stirling (1) Newall,1475
Literary and Philosophical Society of Newcastle,1476
F W Newman,1477
William Newmarch,1478
P H Newnham,1479
Alfred Vincent Newton,1480
Henry William Newton,1481
Robert S Newton,1482
Thomas Nicholas,1483
G  Jasper Nicholls,1484
Brinsley Nicholson,1486
Charles Nicholson,1487
John Peede Segrave Carington Nicholson,1488
D Nicol,1490
J  Dyce Nicol,1491
Donald Nicoll,1492
Giustiniano Nicolucci,1494
Sven Nilsson,1495
Roden Noel,1498
John Spencer Noldwritt,1499
Karl Friedrich Nordmann,1500
Henry Norsworthy,1501
George North,1502
Samuel William North,1503
Josiah Clark Nott,1504
John Nottingham,1505
Richard Maddock Nunn,1506
Thomas William Nunn,1507
Charles O'Callaghan,1508
P O'Callaghan,1509
Luke Smyth O'Connor,1510
George O'Gorman,1511
Edward O'Riley,1512
J L O'Sullivan,1513
William Ogilby,1514
G H Ogston,1515
Laurence Oliphant,1518
Samuel Pasfield Oliver,1519
Gustav Oppert,1520
William M Ord,1521
John Benn Ormathwaite,1522
W  Billing Orton,1523
Sherard Osborn,1524
John William Willoughby Osborne,1525
Charles Otto,1526
Frederick Ouvry,1527
Thomas F Overman,1528
H  Burnard Owen,1529
John Fletcher Owen,1530
Richard Owen,1531
Robert Brisco Owen,1532
Samuel R J Owen,1533
John Downes Owens,1534
J D V Packman,1535
Thomas Page,1536
Arthur Paget,1537
Henry James Paine,1538
William Paley,1539
William Gifford Palgrave,1540
Silas Palmer,1542
Louis Philippe d'Orleans Paris,1543
Matthew Paris,1544
J W Parker,1546
Walter Mantell Parker,1547
Harry Parkes,1548
John Parnell,1549
J  Charlton Parr,1550
King John Parr,1551
Dashwood G Parry,1552
A W Parsons,1553
T E Partridge,1554
Theodore D'Orville Partridge,1555
Charles Pasley,1556
Alexander Paspati,1557
George K H Paterson,1558
Robert Paterson,1559
Edmund Patterson,1560
B H Paul,1561
R W Payne,1562
Edward Peacock,1563
Thomas Bevill Peacock,1564
George Peacocke,1565
Charles Thomas Pearce,1566
Frederick Edward Pearse,1567
C H Pearson,1569
Alfred Henry Pechell,1570
J M Peebles,1572
Robert Peel,1573
John Peiser,1574
W S Pendon,1575
William Peppe,1577
Francisco E Pereira,1578
William Perkins,1579
James Perrin,1580
John Beswick Perrin,1581
Augustus E G Perrot,1582
Erskine Perry,1583
George Michael Perry,1584
S G F Perry,1586
Josef Anton Maximilian Perty,1587
Augustus Heinrich Petermann,1588
Horace William Petherick,1589
George Petrie,1590
William Vesalius Pettigrew,1591
Arthur Phayre,1593
Barnet Phillips,1594
Benjamin Phillips,1595
Philip Phoebus,1597
Edward Pick,1598
Charles Pickering,1599
Francois Jules Pictet,1600
Jonathan S Pidgeon,1601
George William Septimus Piesse,1602
Luke Owen Pike,1603
Bedford Pim,1604
Thomas Ryan Pinchis,1605
W Pinkerton,1607
James Pinnock,1608
John Plant,1609
John Platts,1610
Charles Plummer,1612
Fenwick T Poole,1613
John Daniel Poole,1614
Matthew Conway Poole,1615
Reginald Stuart Poole,1616
George H Pope,1617
R Pope,1618
W H Pope,1619
R B Porter,1620
T Postans,1621
Joseph Legg Postlethwaite,1622
George Pouchet,1624
Emil Arnold Praeger,1625
Henry Pratt,1626
Thomas Prendergast,1627
Joseph Prestwich,1628
Charles Sharp Price,1629
David S Price,1630
Frederick George Hilton Price,1631
Lorenzo T C Price,1632
James Cowles Prichard,1634
Thomas Prichard,1635
Henry jun Prigg,1639
George Pringle,1640
Thomas junr Pritchard,1641
William T Pritchard,1642
James C Proctor,1643
Alfred Pulford,1645
Hyde Pullen,1646
Arthur Giles Puller,1647
Robert Pulsford,1648
H Purdon,1650
H S Purdon,1651
Bernard Quaritch,1652
Lambert Adolphe Jacques Quetelet,1654
William Quin,1655
John Radcliffe,1656
James Rae,1658
Charles Rafn,1659
Henry Raikes,1660
Antonio Raimondi,1661
"A , jun Ramsay",1662
Frank Ramsay,1663
George Ramsay,1664
George Dalhousie Ramsay,1665
John Ramsay,1666
William Francis Ramsay,1667
Jabez Spence Ramskill,1668
G C Rankin,1669
H  Fowler Ransford,1670
Edwin Ransom,1671
Goday Naraen Gajapati Rao,1672
Charles Ratcliff,1673
Henry Rawlinson,1674
James Rawson,1675
Richard Rayley,1676
W H Read,1677
Charles Reade,1678
William Winwood Reade,1679
James Reddie,1680
Richard Thompson Reep,1681
Richard Reeve,1682
Karl Bogislaus Reichert,1683
Lestock Robert Reid,1684
Ernest Renan,1685
Charles Jeremiah Renshaw,1686
Anders Retzius,1687
M Ricardo,1690
Edward Jackson Riccard,1691
x Richards,1692
Franklin Thomas Richards,1693
Charles Richardson,1694
Francis Richardson,1695
James Coxon Richardson,1696
Francis Ignatio Rickard,1697
Joseph Rickerby,1698
F W Ricketts,1699
George Thorne Ricketts,1700
H B Riddell,1701
William Ridley,1702
Jonathan Rigg,1703
"x Ripon, De Grey and",1704
Carl Ritter,1706
Henry F Rivers,1707
John Henry Rivett-Carnac,1708
John Robbins,1709
Charles Robert des Ruffieres,1710
A Roberts,1711
George E Roberts,1712
J Roberts,1713
Alexander Robertson,1714
Alexander Robertson (2),1715
Archibald Robertson,1716
Charles Nice Robertson,1717
Daniel Brooke Robertson,1718
John Forbes Robertson,1719
Thomas Valentine Robins,1720
Edward Robinson,1721
G A Robinson,1723
George Augustus Robinson,1724
J Robinson,1725
William Robinson,1726
Sampson Roch,1727
"James, jun Rock",1728
Hamilton Roe,1729
Alfred S Rogers,1730
Charles Rogers,1731
Frederick W Rogers,1732
George Rogers,1733
John Rogers,1734
George Rolleston,1735
Charles Alfred Rolph,1736
George Frederick Rolph,1737
James Rome,1738
Hyacinthe Ronay,1739
Charles Rooke,1740
James Anderson Rose,1741
x Rosehill,1742
Theodor A Rosenbusch,1743
John Ross,1744
John George Clunies Ross,1745
x Roth,1746
Richard Wellesley Rothman,1747
E J Routh,1749
Ankithum Venkata Nursing Row,1750
William Bridges Row,1751
R W Rowbotham,1752
H R Rowcroft,1753
Harry Crommelin Rowcroft,1754
Henry Rudall,1756
Thomas Rudd,1757
Frederick William Rudler,1758
Sophus Ruge,1759
H  Hodgson Rugg,1760
Samuel Rule,1761
John Ruskin,1762
A H Russell,1763
Charles E Russell,1764
James Russell,1765
Logan H  D Russell,1766
x Rutimeyer,1767
George Augustus Frederick Ruxton,1768
Edward Ryan,1769
John Ryan,1770
Oluf Rygh,1771
Alfred Sadler,1772
Charles S Salmon,1773
William Salmon,1774
David Salomons,1775
William Severin Salting,1776
James Sandale,1777
Alfred Sanders,1778
Alfred M Sanderson,1779
T J Sanderson,1780
W  Walbank Sanderson,1781
Humfrey Sandwith,1782
William Satter,1784
William Devonshire Saull,1785
W H Scattergood,1789
Hermann Schaaffhausen,1790
William Mason Scharlieb,1791
Carl Ritter von Scherzer,1792
E Schiemann,1794
Hermann de Schlagintweit,1797
Robert  Herman Schomburgk,1800
Henry R Schoolcraft,1801
A Schumann,1802
E S Schwabe,1804
Theodor Richard Schweitzer,1805
Charles Scott,1806
David Scott,1807
Frederick Henry Scott,1808
John (1) Scott,1809
John (2) Scott,1810
Robert Scott,1811
Robert S Scott,1812
Thomas Scott,1813
Wentworth Lascelles Scott,1814
John Scouler,1815
J  Eglinton Seaman,1816
Berthold Seemann,1817
E J Selwyn,1819
William Selwyn,1820
Carl Semper,1821
Hugh R Semper,1822
Lucy Ellen Sewall,1823
Henry Sewell,1824
George Sexton,1825
George Seymour,1826
Henry Danby Seymour,1827
Peter Sharp,1828
Samuel Sharp,1829
W Sharp,1830
W J Sharpe,1831
A  Mackintosh Shaw,1833
Frederick George Shaw,1835
Norton Shaw,1836
Robert Barkley Shaw,1837
William Wardrop Shaw,1838
x Sheffield,1839
Joseph Shepherd,1840
H  Brinsley Sheridan,1841
William Henry Sherwood,1842
Justin Shiel,1843
John Joseph Shillinglaw,1844
William Shipp,1845
John Shortt,1846
Charles Lionel Showers,1847
Thomas R G Shute,1849
James Kay Shuttleworth,1850
Ramon de Silva-Ferro,1853
P L Simmonds,1854
Constantine Simonides,1855
S F Simonson,1856
Frank Simpson,1857
H V Simpson,1858
James Simpson,1859
William Henry Simpson,1860
J  Marrion Sims,1861
R S Sisson,1863
Joseph Sister,1864
x Skardon,1865
James Henry Skene,1866
Frederick Mackenzie Skues,1867
William Mackenzie Skues,1868
Thomas Peyton Slapp,1869
Bath Charles Smart,1870
J  Valentine Smedley,1871
Abell Smith,1872
Andrew Smith,1873
D  Pye Smith,1874
Edward Osborne Smith,1875
George (1) Smith,1876
George (2) Smith,1877
George Hill Smith,1878
George Whitely Smith,1879
John Smith,1881
Joseph J Smith,1882
Peter Smith,1883
Protheroe Smith,1884
Tasker Smith,1885
Thomas Smith,1886
Thomas Eustace Smith,1887
Thomas James Smith,1888
Thomas Southwood Smith,1889
William Smith,1890
William Nugent Smith,1891
Worthington George Smith,1892
Sydney James Smithers,1893
Brice Smyth,1894
James Smyth,1895
John E Smyth,1896
John jun Smyth,1897
R  Brough Smyth,1898
Frederick Snaith,1899
George Blagrove Snell,1900
William Parker Snow,1901
Samuel Solly,1902
Samuel Reynolds Solly,1903
William Somervell,1904
Philip Southby,1905
Henry Southey,1907
James Bertram Sparhawk,1908
Henry King Spark,1909
G W Spence,1911
Peter Spence,1912
W H Spence,1913
William Spence,1914
R J Spencer,1915
William Henry Spencer,1916
T  Trevethan Spicer,1917
Edward Spooner,1918
William Spottiswoode,1919
T B Sprague,1920
Francis R Spry,1922
Flaxman Spurrell,1923
Ephraim George Squier,1924
George St Clair,1926
Bayle St John,1928
James Augustus St John,1929
Percy B St John,1930
Spencer St John,1931
Edward St Maur,1932
James Joseph Stainton,1934
Edward Stamp,1935
William Edward Stanbridge,1936
John Stanley,1937
Thomas C Stanley,1938
John Stanton,1939
H I Staples,1940
A B Stark,1941
Japetus Steenstrup,1943
Carl (Karl) Steinhauer,1945
Charles Stenning,1946
William Frederick Cowell Stepney,1947
Joseph Stevens,1948
N  Henry Stevens,1949
John Stevenson,1950
A A Stewart,1951
Alexander Patrick Stewart,1952
Charles Edward Stewart,1953
W S Stewart,1954
John Stirling,1955
David Henry Stone,1957
Robert Sidney Stone,1958
William Storey,1959
William Story,1960
John Marmaduke Stourton,1961
John Strachan,1962
x Strangford,1963
S Stratford,1964
James Strathern,1965
Henry Stretton,1967
Andrew Struthers,1968
x Stuart,1969
John William Studart,1970
Edward Sturman,1971
John James Sturz,1972
J P Sutherland,1973
Peter Cormac Sutherland,1974
Edwin C Suttor,1975
George Suttor,1976
Cornelis Swaving,1979
Horace Swete,1980
Richard Levinge Swift,1981
Algernon Charles Swinburne,1982
Robert Swinhoe,1983
David Sydenham,1984
J G Sylvester,1985
J J Sylvester,1986
J A Symonds,1987
William Samuel Symonds,1988
Francis Tagart,1989
G M Tagore,1990
Lawson Tait,1991
Robert Tait,1992
James Talbot de Malahide,1993
James Tanner,1994
x Tasmania,1995
Alexander Norman Tate,1996
George Tate,1997
George Ralph Tate,1998
Ralph (1) Tate,1999
Thomas (1) Tate,2000
Thomas (2) Tate,2001
Thomas R Tatham,2002
E B Tawney,2004
John Taylor,2005
John George Taylor,2006
Richard Stephens jnr Taylor,2008
W Taylor,2009
W E Taylor,2011
Richard Temple,2012
Edward Tenison Ryan Tenison,2013
John Tennant,2014
James Emerson Tennent,2015
Frederick Theed,2016
"William, Jun Theobald",2017
Robert Thin,2018
Connop Thirlwall,2019
J L Thomas,2020
Alfred Robert Thompson,2021
Fred Thompson,2022
Frederick Thompson,2023
George C Thompson,2024
Joseph Thompson,2025
Richard John Thompson,2026
W Thompson (2),2027
Christian JÃ¼rgensen Thomsen,2028
John Thomson,2033
L E Threlkeld,2035
J  T Thresh,2036
John Thrupp,2037
Edward Thurlow,2038
John Thurnam,2039
Richard Hill Tiddeman,2040
Samuel Timmins,2042
x Tinsley,2044
E Tinsley,2045
John Tolhurst,2046
C D Tolme,2047
x Tonna,2048
James Tonnere,2049
William Tooke,2050
Albert Tootal,2051
John Towers,2053
Frederick Travers,2055
S  Smith Travers,2056
William Travers,2057
Arthur Trevelyan,2059
Edward Andrew Trevor,2060
Nicolas Trubner,2063
Gregory Tschurowsky,2065
Charles jun Tuckett,2066
Thomas Harrington Tuke,2067
x Tumangung of Jehore,2068
Arthur Chilver Tupper,2069
James Turle,2070
Henry John Turner,2071
John Turner,2072
William F J Turner,2073
William Wadden Turner,2074
Arthur Turrell,2075
John Twiner,2076
William Twining,2077
H K Twyford,2078
Carl Wilhelm Ferdinand Uhde,2081
John Underwood,2083
x University Library,2084
Herbert Taylor Ussher,2085
John Ussher,2086
Arthur Vacher,2087
J J C Valpy,2088
Armenius Vambery,2089
George Vaughan,2090
Jonas Daniel Vaughan,2091
William Sandys Wright Vaux,2092
Gonzalez Velasco,2093
George Venables Vernon,2094
Paul Vibraye,2095
Henry Vignaud,2096
Edouard J Villin,2097
Rudolph Virchow,2098
Julio Vizcarrondi,2099
Carl Vogt,2100
Benjamin Vulliamy,2101
Thomas Francis Wade,2102
Rudolph Wagner,2103
x Wagstaff,2104
Theodore Waitz,2105
Alfred Wake,2106
E T Wakefield,2108
Cornelius Walford,2110
Alexander Walker,2111
Alexander Macnamee Walker,2112
Charles Pyndar Beauchamp Walker,2113
Edmund Walker,2114
George Walker,2115
James Walker,2116
James Sydney Walker,2117
Robert Walker,2118
Thomas Walker,2120
Alfred Russel Wallace,2121
Joshua Walmsley,2122
Phillipp Alexander Walther,2123
H C Walton,2124
J W Walton,2125
Rienzi G Walton,2126
James Alfred Wanklyn,2127
Charles Augustus Ward,2128
Stephen Henry Ward,2129
Charles Warden,2130
J  William Warden,2131
Samuel Hibbert Ware,2132
James J Waring,2133
Edward Warner,2134
Thomas T P  Bruce Warren,2135
W Warrington,2136
Richard Archer Warwick,2137
Buchanan Washbourn,2138
Ottiwell Charles Waterfield,2139
George Waterhouse,2140
John Waterhouse,2141
Samuel Watson,2142
Robert Watt,2143
John King Watts,2144
Andrew Scott Waugh,2145
Stephen Webb,2146
T W Webb,2147
George Webster,2148
Henry Webster,2149
John Webster,2150
Augustin Weisbach,2151
Hermann Welcker,2152
Mordaunt Wells,2154
Francis Alex (Frank) Wenham,2156
William Henry Wesley,2157
Reginald Sackville West,2158
Hodder Michael Westropp,2159
Champion Wetton,2160
J R Wevill,2161
G F Whidbourne,2162
James Whishaw,2163
x White,2164
James T White,2166
M White,2167
William Whitear,2168
John B Whitehead,2169
Peter O Whitehead,2170
Thomas K Whitehead,2171
Henry Whitfeld,2172
Henry William Wickes,2175
Thomas Haines Wickes,2176
x Wienecke,2177
A L Wigan,2178
Augustus S Wilkins,2181
John W Wilkins,2182
John Gardner Wilkinson,2184
Thomas Wilkinson,2185
William Martin Wilkinson,2186
Charles R Williams,2187
Eric Williams,2188
Frederick Martin Williams,2189
George Williams,2190
Henry Williams,2191
Henry G Williams,2192
John (1) Williams,2193
John (2) Williams,2194
John Wilkins Williams,2195
S W D Williams,2196
Thomas Williams,2197
G Williamson,2198
Matthew Willis,2199
J E  Eardley Wilmot,2200
Alfred Henry Wilson,2202
Andrew Wilson,2203
Daniel Wilson,2204
David Wilson,2205
Frank Wilson,2206
J  Spotswood Wilson,2207
James Wilson,2208
John Leigh Wilson,2209
R Wilson,2210
William Wilson,2211
William Newton Wilson,2212
Alfred Wiltshire,2213
William Smith Windham,2214
Alfred Tubb Windus,2215
Benjamin Robert Winthrop,2216
Henry Hoyte Winwood,2217
Thomas Alexander Wise,2218
George Witt,2219
von Wittich,2220
James Wodderspoon,2221
Francis George Cornelius Wolber,2222
Henry Drummond Wolff,2223
George Wollaston,2224
Edward Wood,2225
F  Henry Wood,2226
J W Wood,2227
James Wood,2228
John George Wood,2229
Robert Wood,2230
Samuel Wood,2231
W   Martin Wood,2232
William Spicer Wood,2233
Charles H L Woodd,2234
Robert Carr Woods,2235
Joseph Hardman Worrall,2236
Jens Jacob Asmussen Worsaae,2237
Ferdinand Von Wrangell,2238
William Wray,2239
Frank Wrentmore,2240
Francis Beresford Wright,2242
Robert Wright,2243
Thomas Wright,2244
William Cort Wright,2245
Otto Wucherer,2246
James Wyld,2248
Andrew Wyley,2249
Jeffries Wyman,2250
Ashton Yates,2251
W  Holt Yates,2252
James Yearsley,2253
Stephen Yeldham,2254
James A Youl,2255
Robert Younge,2258
Arthur de Zeltner,2259
x Zohrab,2260
Arthur Albright,2261
Rachel Albright,2262
William Albright,2263
William Jun Aldam,2264
Frederick Alexander,2265
Samuel Allen,2266
John Arch,2268
R Arthington,2270
R Jun Arthington,2271
C Ashby,2273
T Jun Ashby,2274
Thomas Ashby,2275
Thomas Jun Ashby,2276
Catherine Backhouse,2277
Jonathan Backhouse,2280
S Baker,2282
Robert Barclay,2285
Richard Barrington,2286
Edward Beck,2288
Eliza Bell,2289
Frederick J Bell,2290
S S Bell,2291
Samuel Bewley,2292
x Biffin,2293
J Binyon,2294
E L Birkbeck,2295
H Birkbeck,2296
W Blaine,2298
Elizabeth Bowley,2299
Henry Brady,2300
Charles L Braithwaite,2301
L Braithwaite,2302
Isaac Brown,2303
Joshua Brown,2304
Lydia Brown,2305
Sarah Burgess,2306
Thomas Burgess,2307
Thomas Fowell Buxton,2309
W Catchpool,2310
x Charleton,2311
Samuel Clark,2312
W Clemes,2313
C Clothier,2314
Joseph Cooper,2315
George Crosfield,2316
Joseph Crosland,2317
A Crowley,2318
A Dale,2321
Elizabeth S Dawes,2322
John Dodshon,2324
Daniel Doncaster,2325
Elizabeth Dyer,2326
R Dymond,2327
William Dyson,2329
William Dyster,2330
A Ellis,2331
Thomas Evans,2332
Ann Everett,2333
Joseph Farden,2334
John Fell,2335
Mary Fell,2336
S H Fisher,2337
Caleb Fletcher,2338
Martha Fletcher,2339
John Ford,2340
George Fox,2341
Henry Fox,2342
Robert Were Fox,2344
x Fox,2346
W Gayner,2347
Joseph Gibbens,2348
Ann Gibson,2349
Francis Gibson,2351
F  E Gibson,2352
W G Gibson,2353
T Gill,2354
J Gillett,2355
John Gillett,2356
J Gilpin,2357
James Gingell,2358
John Good,2359
Josiah Grace,2360
Thomas Graham,2361
John Green,2362
T Gregory,2363
G Grimshaw,2364
x Hadfield,2365
Isaac Hadwen,2366
Robert Harding,2367
Henry Harris,2368
Lydia Harris,2369
Thomas Harvey,2370
George Head,2371
Sarah Head,2372
H Headley,2373
W Hewitson,2374
Charles Hicks,2375
Elizabeth Hills,2376
James Hills,2377
John Hills,2378
Gurney Hoare,2380
Maria Hooper,2381
J Hopkins,2382
Rebecca Hopkins,2383
Mary Horsnail,2384
Elizabeth Howard (2),2385
Elizabeth Howard,2386
Thomas Hughes,2387
Henry Hunt,2388
T Hunt,2389
J Hurnard,2390
John C Isaac,2391
John James,2392
Charles Janson,2393
Samuel Jesper,2394
Benjamin Jowett (2),2395
John Jun Jowett,2396
Robert Jowett (2),2397
John King,2398
Samuel King,2399
Thomas King,2400
Alfred Kitching,2401
C Knight,2402
John Lee,2403
x Leitch,2404
Thomas Letchmore,2406
Thomas x Jun Letchmore,2407
Thomas Letchworth,2408
Thomas Jun Letchworth,2409
Thomas x Jun Letchworth,2410
S Lloyd,2411
Edward Lucas,2412
Rebecca Lucas,2413
Thomas Marriage,2414
John Marsh,2415
R Marsh,2416
William Matthews,2417
William Mattravers,2418
D Miller,2419
John Morrison,2420
E Neave,2421
Mary Overend,2423
W J Palmer,2424
J Pears,2425
x Poeppig,2426
Edward Priestman (2),2427
John Priestman,2428
James Ransome,2429
Robert Ransome,2430
William Rathbone,2431
J Jun Read,2432
Edward Richardson,2433
Henry Richardson,2434
W Richardson,2435
R M Rickman,2437
S Rickman,2438
Leitch Ritchie,2439
J Rooke,2440
Alfred Rosling,2441
John S Rowntree,2442
Joseph Rowntree,2443
Samuel Rundall,2444
Henry Russell,2445
Joseph Sams,2446
J A Sanders,2447
Mary Sansom,2448
Micheal Scatterthwaite,2449
S Scatterthwaite,2450
Leonard Sedgwick,2451
Benjamin Seebohm,2452
William Seebohm,2453
Charles Sessions,2454
Robert Simpson,2457
Alfred Smith,2458
Edward Smith,2459
Richard Smith,2460
Ann Snowden,2461
C Southall,2462
William Southall,2463
William Sparkes,2464
Joseph F Spence,2465
L Squire,2466
Mary Steevens,2467
Henry Sterry,2468
Richard Sterry,2469
John Stevens,2470
Joseph Sturge (Mrs),2471
Sarah Styles,2472
George N Tatham,2473
Mary Ann Tatham,2474
Edward Taylor,2475
F Taylor,2476
H Taylor,2478
A Thistlethwaite,2479
F J Thompson,2480
Josiah Thompson,2481
Thomas Thompson,2482
W Thompson,2483
x Thompson,2484
George Treffry,2485
Frederick Tuckett,2486
W Tuke,2488
Thomas Turner,2489
James E Veale,2490
Jonathan Walker,2491
Ann Wallis,2492
John Warner,2493
Alfred Waterhouse,2494
Mary Waterhouse,2495
R Waterhouse,2496
Thomas Wedmore,2497
James Wells,2498
Daniel Wheeler,2499
W Whiting,2500
John Jun Williams,2501
W R Williams,2502
Charles Wilson,2503
George Wilson,2504
Isaac Wilson,2505
Joseph Wilson,2506
Rebecca Wilson,2507
H Wise,2508
William Woods,2509
Louisa Wright,2510
James Bowden,2511
William Nash,2512
Joseph Sturge,2513
William Jun Grimshaw,2514
Henry Knight,2515
Edward Paull,2516
Robert Jun Alsop,2517
Abram Rawlinson Barclay,2518
John Barclay,2519
Richard Barrett,2520
John Thomas Barry,2521
Peter Bedford,2522
John Bell,2523
Thomas Christy,2524
Samuel Darton,2525
Josiah Forster,2526
Robert Forster,2527
William Forster,2528
Joseph Talwin Foster,2529
John Hamilton,2530
Edwd Harris,2532
Geo Holmes,2534
Robert Howard,2535
John Kitching,2536
Joseph Neatby,2538
John Sanderson,2540
Joseph Shewell,2541
George Stacey,2542
 Joseph Storrs,2543
John M Albright,2544
G W Alexander,2545
Henry Alexander,2546
R D Alexander,2547
Thomas Allis,2548
John D Appleton,2549
Caroline Armistead,2550
Joseph Armistead,2551
Edward Ash,2552
Alfred Backhouse,2553
Edmund Backhouse,2554
Edward Jun Backhouse,2555
James Jun Backhouse,2557
John Church Backhouse,2558
J E Baker,2559
James Baker,2560
A P Balkwill,2561
William Ball,2562
Eliza Barclay,2563
J Gurney Barclay,2565
Jonathan Barrett,2567
R Barrett,2568
R C Barrow,2569
S Barter,2571
John D Bassett,2572
John Baynes,2573
John Beaumont,2574
Rebecca Beaumont,2575
William Beaumont,2576
Samuel Beck,2577
Deborah Beesley,2578
Paul Bevan,2579
Robert Bevan,2580
Martha A Binyon,2581
Thomas Binyon,2582
S Birchall,2583
Thomas Blain,2584
J Blunsom,2585
W Bott,2586
Christopher Bowley,2587
W C Bowley,2588
Edwin Bracher,2589
James Bracher,2590
Lucy Bradshaw,2591
G S Brady,2592
Joseph B Braithwaite,2593
S Braithwaite,2594
Charles Brewin,2595
Robert Brewin,2596
Thomas Brewin,2597
William Brewin,2598
Francis Brown,2599
Gopsill Brown,2600
W W Brown,2601
J F Burgess,2602
Wilson Burgess,2603
Henry Burlingham,2604
Jonathan Burtt,2605
P Burtt,2606
Edward North Buxton,2607
James Cadbury,2608
John M Candler,2610
Edward Carroll,2611
Joseph Cash,2612
Newman Cash,2613
William Cash,2614
R D Catchpool,2615
Thomas Catchpool,2616
Thomas Chalk,2617
Elizabeth Charelton,2618
James Charleton,2619
Robert Charleton,2620
Richard Christy,2621
Cyrus Clark,2622
James Clark (2),2623
Joseph Clark,2624
W S Clark,2625
George Cook,2626
J H Cotterell,2627
Elliott Cresson,2628
W D Crewdson,2629
Ann Cropper,2630
James Cropper,2631
John Cropper,2632
Joseph Crosfield,2633
William Crosfield,2634
Jeremiah Cross,2635
Martha Cross,2636
Edward A Crouch,2637
Abraham Crowley,2638
Frederick Crowley,2639
J Cudworth,2640
Mary Cudworth,2641
William Cudworth,2642
Lucy Darby,2643
Richard Day,2644
William Dent,2645
Barnard Dickinson,2646
Elizabeth G Dimsdale,2647
J Doubleday,2648
R Doubleday,2649
Joseph Eaton,2650
Thomas Emmott,2651
Mary Exton,2652
William Exton,2653
Abraham Fisher,2654
Rachel Fowler,2656
Thomas Fowler,2657
Alfred L Fox,2658
Francis E Fox,2659
Frederick H Fox,2660
J G Fox,2661
R Barclay Fox,2662
Philip Frith,2663
Frederick Fryer,2664
John Gayner,2665
Deborah Gibson,2667
E Gilkes,2668
Charles Gillett,2669
Jonathan Gillett,2670
Burwood Godlee,2672
Alexander Grace,2673
Anna Gurney,2675
Edmund Gurney,2676
Henry E Gurney,2677
John Gurney,2679
Samuel Gurney,2680
Daniel P Hack,2683
John Barton Hack,2684
Cornelius Hanbury,2685
Cornelius x Jun Hanbury,2686
Daniel Bell Hanbury,2687
Samuel Hare,2688
Charles L Harford,2689
John Harford,2690
Summers Harford,2691
William Hargreaves,2692
John Harlock,2693
Theodore Harris,2694
John Herschell,2695
Gray Hester,2696
M A Hewitson,2697
Henry Hipsley,2698
John Hodgkin,2699
J Holdsworth,2700
Richard Holdsworth,2701
G B Holmes,2702
S Horman-Fisher,2704
Robert Horne,2705
John Horniman,2706
Charles Horsnaill,2707
W C Horsnaill,2708
Sarah Hotham,2709
Luke Howard,2710
William Howitt,2711
Rachel Hubbert,2712
Joseph Hudson,2713
John Huntley,2714
Joseph Huntley,2715
Martha Hutchinson,2716
R Impey,2717
Edward James,2718
A Janson,2719
William Janson,2720
Andrew Johnston,2721
Andrew & Jun Johnston,2722
John Jowett,2724
W D King,2726
J H Knight,2727
T Knott,2728
Edward A Leatham,2729
Isabella Lister,2730
Wilson Lloyd,2732
Haggar Lowe,2733
Edmund Lucas,2734
Frederick Lucas,2735
Jeffrey Lucas,2736
Martha Lucas,2737
Samuel Lucas,2738
William Jun Lucas,2739
Harford Lury,2740
J E Lury,2741
W Mann,2742
Caroline Marriage,2743
Edward Marsh,2744
Thomas William Marsh,2745
Thomas Maw,2746
Edward C May,2747
Francis May,2748
John Mayfield,2749
Josiah Merrick,2750
John Morland,2751
George L Neighbour,2752
Josiah Newman,2753
William Norris,2754
Thomas Norton,2755
William Norton,2757
William Nutter,2758
J J Packer,2759
George Palmer,2760
Reuben C Payne,2761
Arthur Pease,2762
Edward Pease,2763
Gurney Pease,2764
Henry Fell Pease,2765
John Pease,2766
John B Pease,2767
Joseph Pease,2768
Joseph Whitwell Pease,2769
Susan Pease,2770
Thomas Pease,2771
Algernon Peckover,2772
William Peckover,2773
Robert H Penney,2774
Isaac Pitt,2775
Jacob Post,2776
Joseph T Price,2777
Lydia Prideaux,2778
Samuel Priestman,2779
John Pryor,2780
G R Pumphrey,2781
W P Read,2782
Isaac Reckitt,2783
Jonathan Rees,2784
Jane Reynolds,2785
G E Richardson,2786
John Rickman,2787
Josephina Rickman,2788
Matilda Rickman,2789
Priscilla Rickman,2790
R Rickman,2791
R P Rickman,2792
Isaac Robson,2793
J S Robson,2794
Joseph Rosling,2795
Samuel Rosling,2796
John Rowntree,2797
W Rowntree,2798
Sarah Rundell,2799
John F Rutter,2800
Samuel Rutter,2801
E Sayce,2802
Hannah Scarr,2803
F Seebohm,2804
John R Seekings,2805
James Sessions,2806
Lydia Sessions,2807
Robert Sessions,2808
Abraham Sewell,2809
E F Sewell,2810
Joseph Sewell,2811
Phillip Sewell,2812
Joseph Sharples,2813
John T Shewell,2814
Thomas Short,2815
W Dillwyn Sims,2816
W Skinner,2817
Bartholomew Smith,2818
George Smithson,2819
E P Southall,2820
Sarah Southall,2821
J M Sparkes,2823
H Squire,2824
John Stansfield,2825
Joseph Sterry,2826
Sarah Sterry,2827
J L Stevens,2828
Charles Sturge,2829
Edmund Sturge,2830
George Sturge,2831
H J Sturge,2832
Samuel Sturge,2833
Thomas M Sturge,2834
Walter Sturge,2835
Jemima Swan,2836
William Tanner,2837
W Tatum,2838
Edward Thomas,2839
George Thomas,2840
Samuel Thompson,2841
Fielden Thorpe,2842
E O Tindale,2843
Robert Tindall,2844
Joshua Treffry,2845
Nathaniel Tregellis,2846
Elizabeth Tuckett,2847
Francis Tuckett,2849
P Debell Tuckett,2850
D Tuke,2853
J H Tuke,2854
Samuel Tuke,2856
Ann Tweedy,2857
R Tweedy,2858
William Tweedy,2859
Richard Veale,2860
William Veale,2861
John Wadge,2862
F J Walker,2863
Marriage Wallis,2864
Charles B Warner,2865
Septimus Warner,2866
Lucy Westcombe,2867
Thomas Westcombe,2868
Benjamin Wheeler,2869
Frederick Wheeler,2870
Samuel Wheeler,2871
John Whiting,2872
John Wiblin,2873
Caleb Williams,2874
John E Wilson,2875
Joshua Wilson,2876
F Woodhead,2877
W Woolston,2878
Francis Wright,2879
S W Wright,2880
George Abbott,2881
E Abdy,2882
William Abdy,2883
S J Abington,2884
x Adams,2885
Charles Adlard,2886
James Adlard,2887
x Agar,2888
C A Albright,2889
E A Albright,2890
John Alcard,2891
J Alexander,2892
Elizabeth Allen,2893
F Allen,2894
J Allen,2895
John Allen,2896
Richard Allen,2897
S Allen,2898
S Allen (2),2899
T Allen,2900
Denison H Allport,2901
A Ambrose,2902
G F Angas,2903
N D By G F Angas,2904
Henry Angus,2905
x Ap Forstell,2906
x Apelez,2907
Richard Ash,2908
Frederick Ashby,2909
F J Atkins,2910
E Backhouse,2911
Fanny Backhouse,2912
J Backhouse,2913
J E Backhouse,2914
S Backhouse,2915
E Baines,2916
Frederick Baines,2917
M T Baines,2918
Hannah Baker,2919
J G Baker,2920
Adrian Balbi,2921
J S Banbury,2922
Sa Bandeira,2923
John Banim,2924
Sax Bannister,2925
x Barclay,2926
C Baxter,2927
S Beale,2928
x Beaumont,2929
Esther Beecham,2930
A Bell,2931
Maldon Bell,2932
Mary Bell,2933
S E E Bell,2934
John Bellerby,2935
F J Bett,2936
x Bevan,2937
Samuel Blackburn,2938
W T Blair,2939
W Blott,2940
x Blumenbach,2941
x Boehmer,2942
D Bolton,2943
J Booth,2944
James Booth,2945
x Booth,2946
x Bott,2947
x Bousfield,2948
Benjamin Boyd,2949
J Bradley,2950
x Brady,2951
L Bridgland,2952
x Brightwell,2953
John Ivatt Briscoe,2954
x Brouwer,2955
D Brown,2956
Jeremiah Bryant,2957
J Buckland,2958
John Budge,2959
W F Budgett,2960
x Burder,2961
John Burgess,2962
x Burgess,2963
John Burnett,2964
Edmund Buxton,2965
x Buxton,2966
M Cabet,2967
John Candlish,2968
R Carthington,2969
James Cash,2970
M Cassin,2971
L A Chamerovzov,2972
M Chamisso,2973
x Channing,2974
R Chapman,2975
Eardley Childers,2976
George Christie,2977
Ann W Christy,2978
Alfred Spencer Churchill,2979
Charles Clark,2980
Thomas Clark,2981
W J Clark,2982
x Clark (2),2983
Ebenezer Clarke,2984
Joseph Clarke,2985
Thomas Clarkson,2986
John Clayton,2987
J W C Clothier,2988
R C Cobbold,2989
Robert K Cobbold,2990
Jane Cocks,2991
x Collett,2992
J B Cook,2993
P Cook,2994
George Cooke,2995
J B Cooke,2996
J Cooper,2997
x Corbett,2998
x Corder,2999
James Coxen,3000
Agnes Craig,3001
William Crawford,3002
Handel Crosham,3003
Ann Crowley,3004
E Crowley,3005
P Cudworth,3006
x Cuff,3007
x David,3008
x Davies,3009
James Davis,3010
M De Beaumont,3011
x De Gerando,3012
J Dennis,3013
Thomas Denton,3014
Augustus D'Este,3015
W R Deverell,3016
John Dinham,3017
Thomas Dinham,3018
Anthony Dinsdale,3019
D Dodshon,3020
J M Dorking,3021
x Doubleday,3022
James Douglas,3023
F C Dowley,3024
x Downing,3025
J E Drake,3026
P Du Ponceau,3027
Philip Durant,3028
x Edmonds,3029
x Edwards,3030
E & M Elliott,3031
Ebenezer Elliott,3032
Mary Elliott,3033
John Ellis,3034
W Enfield,3035
John Epps,3036
Don Flores Estrada,3037
William Evans,3038
x Evans,3039
Edward Everett,3040
John Fairbarn,3041
William Falconer,3042
Joshua Fardon,3043
J Farnworth,3044
M Felix,3045
Pinheiro Fereira,3046
Conrad Finzel,3047
Horman S Fisher,3048
A Fitzjames,3049
x Flashman,3050
Estrade Flores,3051
E Ford,3052
Thomas Ford,3053
A F Forsell,3054
James T Foster,3055
John Lister Foster,3056
John Foulger,3057
x Foville,3058
Mary Fox,3059
x Foxville,3060
J J Freeman,3061
A Friend,3062
R Fry,3063
Benson Fryer,3064
Forster Fryer,3065
x Fryer,3066
Charles Garrett,3067
John Garrett,3068
H E Garvey,3069
M de Gasparin,3070
Elizabeth F Gibson,3071
G J Gibson,3072
Joseph Gillett,3073
F Good,3074
Hannah Good,3075
John T Grace,3076
M Grand Pierre,3077
M Grangeret de la Grange,3078
Laggan Grant,3079
Fr Groth,3080
Aldin Grout,3081
R R Gurley,3082
Edward Gurney,3083
Charles Gutzlaff,3084
R K Habgood,3085
C Haddison,3086
x Haddison,3087
x Hagger,3088
John Halcro,3089
John Hall,3090
x Halliday,3091
William Alers Hankey,3092
Josiah Hannam,3093
x Hannington,3094
x Hannom,3095
John Harford (2),3096
x Harmer,3097
James Harnard,3098
E Harris,3099
Isabella Harris,3100
Jane Harris,3101
John Harris,3102
Sarah Harris,3103
x Harrison,3104
W B Harvey,3105
Montague Hawtrey,3106
x Hayden,3107
A Heaviside,3108
S Hedley,3109
Bev D Hewett,3110
W M Higgins,3111
R Hill,3112
C Hinchcliffe,3113
Charles Hindley,3114
D P Hock,3115
A Hodgson,3116
x Hogendorp,3117
J Holen,3118
D Holmes,3119
x Hood,3120
Ann M Hopkins,3121
Sylvester Hovey,3122
x Humboldt,3123
x Humphrey,3124
Matthew Jun Hutchinson,3125
T Hutchinson,3126
Robert Ingam,3127
F Maitland Innes,3128
M Isambert,3129
Clement Jackson,3130
S J James,3131
John Jarold,3132
George Jarvis,3133
Joseph Jarvis,3134
R Jarvis,3135
x Jaubert,3136
S A Jeffries,3137
Samuel Jeffrys,3138
J Jefry,3139
N Jocelyn,3140
Joseph Johnson,3141
x Johnson,3142
Peter Jones,3143
Samuel Juke,3144
M A Julien,3145
x Julius,3146
Charles Jupe,3147
George T Kemp,3148
William Kennedy,3149
x Kerr,3150
x Kidd,3151
Henry Rochdale King,3152
J Knowles,3154
A J Larking,3155
H B Larking,3156
James Lawrence,3157
Buxton Lawrie,3158
Emma Letchworth,3159
x Letchworth,3160
Leone Levi,3161
Malcolm Lewin (2),3162
x Lichtenstein,3163
C Lilgevolch,3164
H L Lobeck,3165
A J Lorking,3166
x Lucas,3167
x Luden,3168
William Luner,3169
Robert Lush,3170
C Lushington,3171
S Lushington,3172
P Lyne,3173
G van der Maalen,3174
R A MacFie,3175
D P Mack,3176
Thomas MacNay,3177
x Maconochie,3178
G van der Maerlen,3179
P Maerlen,3180
Patrick Mair,3181
x Mallet,3182
Jules Malpet,3183
Jules Mampet,3184
W E Manser,3185
S Marsden,3186
x Marsden,3187
Martha E Marshall,3188
H Martin,3189
Peter Martin,3190
R Montgomery Martin,3191
W Martin,3192
x Martin,3193
M H Martindale,3194
Mary Martindale,3195
R A McFie,3196
x McLachlan,3197
x McNay,3198
W H Medhurst,3199
James Meek,3200
x Metcalf,3201
x Meyer,3202
Henry Miegoe,3203
E Mills,3204
D Mitchell,3205
x Mittermaier,3206
J Moffatt,3207
R Moffatt,3208
P Moire,3209
S G Montrou,3210
O Moore,3211
x Moorsom,3212
M Moraes Sarmento,3213
Henry Moreing,3214
x Morgan,3215
E Morris,3216
S G Morton,3217
Joseph Mosley,3218
Standish Motte,3219
C Mottley,3220
Joseph Mottley,3221
J Mounsey,3222
Edgar Musgrove,3223
W W Royston Nash,3224
J Natterier,3225
T Nicholls,3226
Daniel O'Connell,3227
John Olliver,3228
x Orchard,3229
x Orioli,3230
Oliver Ormerod,3231
J Horne Payne,3232
Z C Pearson,3233
Rachel Pease,3234
Richard Peck,3235
Brothers Peek,3236
Richard Peek,3237
J Pell,3238
x Philip,3239
x Phillips,3240
W Philpott,3241
Fererra Pinheiro,3242
T E Plint,3243
J F Polk,3244
T Pollard,3245
W Pollard,3246
x Pollard,3247
Margaret Pope,3248
Eliza Post,3249
x Post,3250
x Poulter,3251
Edward Priestman,3252
Elizabeth Priestman,3253
F R Priestman,3254
x Priestman,3255
Cornelieus Prior,3256
G Pritchard,3257
J E Pritchett,3258
Joseph R Procter,3259
J R Pumphrey,3260
Herman Quinius,3261
G Ralston,3262
W Ramsden,3263
John Rand,3264
Alfred Ransome,3265
Joshua Ransome,3266
W Ransome,3267
C Rathbone,3268
George Rawson,3269
James Read,3270
A Reid,3271
Mohammed Rheire,3272
x Riach,3273
Heinrich Richter,3274
x Rickman,3275
R Rickmer,3276
E Ridley,3277
x Ritchie,3278
Henry Robarts,3279
C B Robinson,3280
W Robson,3281
x Robson,3282
x Roger,3283
H Rolls,3284
T Roscoe,3285
R P Ruckman,3286
M Ruppel,3287
H C Rutherford,3288
J E Rutter,3289
Egerton Ryerson,3290
John Saunders,3291
S Saunders,3292
x Saunders,3293
x Schlosser,3294
Thomas Schofield,3295
x Scoon,3296
Samuel S Scriven,3297
Hannah Scurr,3298
E T Sewell,3299
x Sharples,3300
John S Shewell,3301
M Sismondi,3302
B Slack,3303
Ann Hopkins Smith,3304
Charles E Smith,3305
Culling Eardley Smith,3306
Ebenezer Smith,3307
Homerton Smith,3308
J P Smith,3309
P A Smith,3310
Pye Smith,3311
R Jun Smith,3312
x Smith,3313
W Somerville,3314
W Sommerville,3315
Sarah Southwell,3316
Julius Sperling,3317
N G Sperling,3318
x Sperling,3319
Osbourne Spurfield,3320
F Squire,3321
x Stafford,3322
George Stancliff,3323
Thomas Stark,3324
Trevor Steinglass,3325
x Steininger,3326
E Stephens,3327
J M Stephens,3328
x Stephens,3329
Deborah Sterry,3330
M Stevens,3331
x Stevens,3332
Mary Stevenson,3333
Andrew Stewart,3334
J J Stitt,3335
William Stokes,3336
John Stone,3337
x Stone,3338
x Stow,3339
Thomas Stronge,3340
x Stroud,3341
John James Stulz,3342
Charles Sturgeon,3343
x Sturges,3344
John James Sturtz,3345
J W Sully,3346
William Summerville,3347
Charles Sumner,3348
J H Sunman,3349
Arthur Tappan,3350
Thomas Taylor,3351
J B Teesdale,3352
Hull Terrell,3353
x Thatcher,3354
James Sanderson Thomas,3355
M Thomas,3356
Perronet Thompson,3357
x Thompson Mrs,3358
H B Thorpe,3359
Jonathan Thorpe,3360
x Tiedeman,3361
M de Tocqueville,3362
Thomas Todd,3363
William McCullagh Torrens,3364
C S Tosswill,3365
J H Tredgold,3366
Henry Tuckett,3367
P E Tuckett,3368
J W Tuke,3369
x Tyler,3370
Jan Tzatzoe,3371
x Upcher,3372
x Vanderkamp,3373
M Villerme,3374
x Wainwright,3375
Joseph Waite,3376
Josiah Waites,3377
E Walker,3378
R Walker,3379
x Walker,3380
x Waring,3381
Harriett Warner,3382
Henrietta Warner,3383
M Warner,3384
C Washbourne,3385
John Washington,3386
x Weaver,3387
A Wells,3388
Frederick Wells,3389
Mary Wheeler,3390
J Whitby,3391
Anthony White,3392
x Whiting,3393
S Wilkin,3394
M Wilks,3395
John Williams,3396
H H Willis,3397
Frederick Wills,3398
H O Wills,3399
x Wills,3400
Joseph R Wilton,3401
R W Wingfield,3402
x Wiseman,3403
William Wolston,3404
Joseph Wontner,3405
Thomas Wontner,3406
Levi Wood,3407
Levi Wood (2),3408
S F Woolmer,3409
A B Wright,3410
Frances Wright,3411
P Wright,3412
W D D Wright,3413
x Wright (2),3414
x Wright,3415
W Wrigley,3416
James Yates,3417
John Young,3418
Thomas Zachary,3419
