"'Source'","Target","close"
Source,Christopher Bowley,2
Source,Robert Charleton,2
Source,Frederick H Fox,2
Source,Thomas Maw,2
Source,William Norton,2
Source,Algernon Peckover,2
Source,Cornelius Hanbury,2
Source,Edward Beck,2
Source,Cornelius Hanbury,2
Source,Martha Lucas,2
Source,William Jun Lucas,2
Source,Edward Carroll,2
Source,Joseph Crosfield,2
Source,Haggar Lowe,2
Source,Thomas Binyon,2
Source,Susan Pease,2
Source,Thomas Pease,2
Source,Christopher Bowley,2
Source,Frederick Fryer,2
Source,Thomas Harvey,2
Source,Thomas Pease,2
Source,James Charleton,2
Source,Robert Charleton,2
Source,Edmund Backhouse,2
Source,John Church Backhouse,2
Source,Eliza Barclay,2
Source,R Barclay Fox,2
Source,Henry E Gurney,2
Source,John Hodgkin,2
Source,Arthur Pease,2
Source,Edward Pease,2
Source,Gurney Pease,2
Source,Joseph Pease,2
Source,Joseph Whitwell Pease,2
Source,Edward Jun Backhouse,2
Source,Henry Harris,2
Source,T Hunt,2
Source,W Thompson,2
Source,Edward Jun Backhouse,2
Source,John Church Backhouse,2
Source,Eliza Barclay,2
Source,J Gurney Barclay,2
Source,Christopher Bowley,2
Source,Edward Pease,2
Source,Gurney Pease,2
Source,Joseph Pease,2
Source,Joseph Whitwell Pease,2
Source,James (1) Backhouse,2
Source,John Church Backhouse,2
Source,Eliza Barclay,2
Source,David Dale,2
Source,R Barclay Fox,2
Source,John Hodgkin,2
Source,Edward Richardson,2
Source,W Richardson,2
Source,John Church Backhouse,2
Source,Eliza Barclay,2
Source,J G Fox,2
Source,R Barclay Fox,2
Source,John Hodgkin,2
Source,Thomas Allis,2
Source,Caleb Williams,2
Source,Haggar Lowe,2
Source,J H Tuke,2
Source,J G Fox,2
Source,R Barclay Fox,2
Source,John Hodgkin,2
Source,G E Richardson,2
Source,Edward Jun Backhouse,2
Source,John Church Backhouse,2
Source,Eliza Barclay,2
Source,J J Packer,2
Source,E F Sewell,2
Source,Reuben C Payne,2
Source,J Gurney Barclay,2
Source,John Barclay,2
Source,Henry E Gurney,2
Source,R Barclay Fox,2
Source,John Hodgkin,2
Source,R Barclay Fox,2
Source,Henry E Gurney,2
Source,John Hodgkin,2
Source,Arthur Pease,2
Source,Edward Pease,2
Source,Gurney Pease,2
Source,Joseph Pease,2
Source,Joseph Whitwell Pease,2
Source,J Gurney Barclay,2
Source,Edmund Backhouse,2
Source,John Barclay,2
Source,Henry E Gurney,2
Source,James Cadbury,2
Source,John B Pease,2
Source,W D Crewdson,2
Source,John E Wilson,2
Source,John B Pease,2
Source,Samuel Beck,2
Source,Isabella Lister,2
Source,Burwood Godlee,2
Source,John Hodgkin,2
Source,Isabella Lister,2
Source,Jeffrey Lucas,2
Source,Matilda Rickman,2
Source,Priscilla Rickman,2
Source,R Rickman,2
Source,R P Rickman,2
Source,E Gilkes,2
Source,Frederick Lucas,2
Source,Frederick Lucas,2
Source,James Charleton,2
Source,Martha A Binyon,2
Source,Thomas Binyon,2
Source,Alfred Backhouse,2
Source,J Gurney Barclay,2
Source,Alfred Backhouse,2
Source,Edmund Backhouse,2
Source,J Gurney Barclay,2
Source,R Barclay Fox,2
Source,Arthur Pease,2
Source,Edward Pease,2
Source,Gurney Pease,2
Source,Joseph Pease,2
Source,Joseph Whitwell Pease,2
Source,Thomas Pease,2
Source,Robert Brewin,2
Source,Martha Lucas,2
Source,Samuel Lucas,2
Source,William Jun Lucas,2
Source,Richard Veale,2
Source,William Veale,2
Source,G S Brady,2
Source,John Ford,2
Source,Samuel Rosling,2
Source,John Rowntree,2
Source,Daniel Wheeler,2
Source,John Ford,2
Source,John Barton Hack,2
Source,Samuel Rosling,2
Source,John Rowntree,2
Source,William Tanner,2
Source,L Braithwaite,2
Source,S Braithwaite,2
Source,W D Crewdson,2
Source,Robert Howard,2
Source,John Jowett,2
Source,S Braithwaite,2
Source,W D Crewdson,2
Source,John Jowett,2
Source,Joseph B Braithwaite,2
Source,W D Crewdson,2
Source,John Jowett,2
Source,Martha Lucas,2
Source,Samuel Lucas,2
Source,William Jun Lucas,2
Source,Martha Lucas,2
Source,Samuel Lucas,2
Source,William Jun Lucas,2
Source,Gopsill Brown,2
Source,Lydia Brown,2
Source,Francis Brown,2
Source,Gopsill Brown,2
Source,Gopsill Brown,2
Source,S W Wright,2
Source,H Headley,2
Source,H Headley,2
Source,Haggar Lowe,2
Source,Lucy Darby,2
Source,William Forster,2
Source,Henry E Gurney,2
Source,John Gurney,2
Source,Samuel Gurney,2
Source,George Head,2
Source,Sarah Head,2
Source,Gurney Hoare,2
Source,Andrew & Jun Johnston,2
Source,Henry E Gurney,2
Source,John Gurney,2
Source,Samuel Gurney,2
Source,Andrew & Jun Johnston,2
Source,William Forster,2
Source,Anna Gurney,2
Source,Henry E Gurney,2
Source,John Gurney,2
Source,Samuel Gurney,2
Source,Andrew & Jun Johnston,2
Source,William Cash,2
Source,William Cash,2
Source,Robert Charleton,2
Source,Frederick H Fox,2
Source,Nathaniel Tregellis,2
Source,Elizabeth Charelton,2
Source,James Charleton,2
Source,Henry Fox,2
Source,Algernon Peckover,2
Source,John Sanderson,2
Source,Thomas Christy,2
Source,John Fell,2
Source,Mary Fell,2
Source,Richard Christy,2
Source,Daniel Bell Hanbury,2
Source,W S Clark,2
Source,Charles Sturge,2
Source,Edmund Sturge,2
Source,George Sturge,2
Source,Samuel Sturge,2
Source,Thomas M Sturge,2
Source,W S Clark,2
Source,Charles Sturge,2
Source,Edmund Sturge,2
Source,George Sturge,2
Source,Samuel Sturge,2
Source,Thomas M Sturge,2
Source,W S Clark,2
Source,Charles Sturge,2
Source,Edmund Sturge,2
Source,George Sturge,2
Source,Samuel Sturge,2
Source,Thomas M Sturge,2
Source,Walter Sturge,2
Source,Cyrus Clark,2
Source,James Clark (2),2
Source,Joseph Clark,2
Source,R Impey,2
Source,Charles Sturge,2
Source,George Sturge,2
Source,Joseph Sturge (Mrs),2
Source,Joseph Sturge,2
Source,Samuel Sturge,2
Source,Thomas M Sturge,2
Source,John Gayner,2
Source,Walter Sturge,2
Source,Francis E Fox,2
Source,John Jowett,2
Source,John Cropper,2
Source,William Crosfield,2
Source,William Crosfield,2
Source,Edward C May,2
Source,Francis May,2
Source,Elizabeth Tuckett,2
Source,Francis Tuckett,2
Source,Frederick Tuckett,2
Source,P Debell Tuckett,2
Source,C Ashby,2
Source,Frederick Crowley,2
Source,Mary Cudworth,2
Source,William Cudworth,2
Source,J G Fox,2
Source,R Barclay Fox,2
Source,John Hodgkin,2
Source,Edward Richardson,2
Source,Edmund Backhouse,2
Source,Edward Jun Backhouse,2
Source,John Church Backhouse,2
Source,Eliza Barclay,2
Source,Rachel Fowler,2
Source,Thomas Fowler,2
Source,Edward Pease,2
Source,William Cudworth,2
Source,Samuel Priestman,2
Source,Joseph Rowntree,2
Source,W Rowntree,2
Source,W D King,2
Source,W D King,2
Source,F Seebohm,2
Source,F Seebohm,2
Source,Richard Christy,2
Source,Richard Christy,2
Source,Henry Fell Pease,2
Source,Joseph Rowntree,2
Source,Samuel Priestman,2
Source,Rebecca Beaumont,2
Source,W D Crewdson,2
Source,Edward North Buxton,2
Source,George Stacey,2
Source,Edward A Leatham,2
Source,Rachel Fowler,2
Source,Edward A Leatham,2
Source,Mary Waterhouse,2
Source,R Waterhouse,2
Source,J Gurney Barclay,2
Source,H Birkbeck,2
Source,Rachel Fowler,2
Source,Thomas Fowler,2
Source,J G Fox,2
Source,R Barclay Fox,2
Source,Wilson Lloyd,2
Source,Francis Tuckett,2
Source,John E Wilson,2
Source,x Charleton,2
Source,George Fox,2
Source,J G Fox,2
Source,R Barclay Fox,2
Source,x Fox,2
Source,Joseph Whitwell Pease,2
Source,Joseph T Price,2
Source,Nathaniel Tregellis,2
Source,Frederick H Fox,2
Source,Francis E Fox,2
Source,Henry Fox,2
Source,John Sanderson,2
Source,Paul Bevan,2
Source,Arthur Pease,2
Source,Edward Pease,2
Source,Gurney Pease,2
Source,Joseph Pease,2
Source,Francis Tuckett,2
Source,Alfred Backhouse,2
Source,Alfred L Fox,2
Source,Joseph Whitwell Pease,2
Source,Joseph T Price,2
Source,Nathaniel Tregellis,2
Source,Alfred L Fox,2
Source,Gurney Hoare,2
Source,Joseph Whitwell Pease,2
Source,John Pease,2
Source,James Jun Backhouse,2
Source,Charles Gillett,2
Source,Samuel Jesper,2
Source,Thomas Pease,2
Source,Edward Pease,2
Source,Gurney Pease,2
Source,Henry Fell Pease,2
Source,John B Pease,2
Source,Joseph Whitwell Pease,2
Source,Rebecca Beaumont,2
Source,George Stacey,2
Source,Jonathan Gillett,2
Source,Thomas Pease,2
Source,James Sessions,2
Source,Charles Gillett,2
Source,John Hodgkin,2
Source,John Rickman,2
Source,Priscilla Rickman,2
Source,Jane Reynolds,2
Source,R P Rickman,2
Source,Francis Brown,2
Source,Joseph Pease,2
Source,Andrew Johnston,2
Source,H Birkbeck,2
Source,Edward North Buxton,2
Source,Thomas Fowell Buxton,2
Source,Anna Gurney,2
Source,Henry E Gurney,2
Source,John Gurney,2
Source,Samuel Gurney,2
Source,Gurney Hoare,2
Source,Andrew Johnston,2
Source,Andrew Johnston,2
Source,John Barton Hack,2
Source,Samuel Tuke,2
Source,Samuel Tuke,2
Source,Daniel Bell Hanbury,2
Source,John Harford,2
Source,Summers Harford,2
Source,Algernon Peckover,2
Source,William Peckover,2
Source,John T Shewell,2
Source,Algernon Peckover,2
Source,William Peckover,2
Source,John T Shewell,2
Source,Algernon Peckover,2
Source,William Peckover,2
Source,John T Shewell,2
Source,Edward North Buxton,2
Source,Henry E Gurney,2
Source,Edward North Buxton,2
Source,Henry E Gurney,2
Source,A Janson,2
Source,William Janson,2
Source,Isaac Robson,2
Source,Samuel Tuke,2
Source,Edward North Buxton,2
Source,R Barclay Fox,2
Source,Henry E Gurney,2
Source,John Gurney,2
Source,Samuel Gurney,2
Source,Jeffrey Lucas,2
Source,John Rickman,2
Source,Priscilla Rickman,2
Source,R Rickman,2
Source,R P Rickman,2
Source,Samuel Beck,2
Source,Burwood Godlee,2
Source,Edward Lucas,2
Source,Jeffrey Lucas,2
Source,John Rickman,2
Source,S W Wright,2
Source,R Rickman,2
Source,R P Rickman,2
Source,S Rickman,2
Source,Charles Horsnaill,2
Source,W C Horsnaill,2
Source,Joseph B Braithwaite,2
Source,S Braithwaite,2
Source,Alfred L Fox,2
Source,Edward Ash,2
Source,Robert Charleton,2
Source,T Hunt,2
Source,Joseph Huntley,2
Source,Edwin Bracher,2
Source,James Bracher,2
Source,J H Tuke,2
Source,J H Tuke,2
Source,Charles Wilson,2
Source,John E Wilson,2
Source,John Pease,2
Source,Isaac Wilson,2
Source,John E Wilson,2
Source,J Cudworth,2
Source,William Cudworth,2
Source,Isaac Reckitt,2
Source,Abraham Sewell,2
Source,Edward Beck,2
Source,Samuel Beck,2
Source,Charles L Braithwaite,2
Source,Joseph B Braithwaite,2
Source,S Braithwaite,2
Source,Alfred L Fox,2
Source,Wilson Lloyd,2
Source,S Baker,2
Source,Isaac Wilson,2
Source,John E Wilson,2
Source,Joseph Whitwell Pease,2
Source,J H Tuke,2
Source,Samuel Beck,2
Source,Burwood Godlee,2
Source,John Hodgkin,2
Source,Martha Lucas,2
Source,Samuel Lucas,2
Source,William Jun Lucas,2
Source,Martha Lucas,2
Source,Samuel Lucas,2
Source,William Jun Lucas,2
Source,Marriage Wallis,2
Source,John Sanderson,2
Source,Elizabeth Tuckett,2
Source,Francis Tuckett,2
Source,P Debell Tuckett,2
Source,W Dillwyn Sims,2
Source,Elizabeth Tuckett,2
Source,Francis Tuckett,2
Source,P Debell Tuckett,2
Source,E P Southall,2
Source,Sarah Southall,2
Source,Henry Fell Pease,2
Source,John Pease,2
Source,Henry Fell Pease,2
Source,John Pease,2
Source,Henry Fell Pease,2
Source,John Pease,2
Source,John Pease,2
Source,Joseph Pease,2
Source,Joseph Whitwell Pease,2
Source,John B Pease,2
Source,Joseph Whitwell Pease,2
Source,Joseph Pease,2
Source,John Rickman,2
Source,Samuel Thompson,2
Source,Joseph Rosling,2
Source,Nathaniel Tregellis,2
Source,Francis Tuckett,2
Source,Samuel Priestman,2
Source,Robert Ransome,2
Source,Edmund Backhouse,2
Source,Edward Jun Backhouse,2
Source,John Church Backhouse,2
Source,Eliza Barclay,2
Source,J G Fox,2
Source,G R Pumphrey,2
Source,Burwood Godlee,2
Source,John Hodgkin,2
Source,Samuel Rosling,2
Source,John Rowntree,2
Source,Joseph Rowntree,2
Source,J S Robson,2
Source,John Rowntree,2
Source,W Rowntree,2
Source,Hannah Scarr,2
Source,Paul Bevan,2
Source,Cornelius x Jun Hanbury,2
Source,Henry Hipsley,2
Source,F Seebohm,2
Source,Phillip Sewell,2
Source,Joseph Sewell,2
Source,Phillip Sewell,2
Source,Thomas William Marsh,2
Source,P Debell Tuckett,2
Source,Josiah Newman,2
Source,E P Southall,2
Source,Alfred L Fox,2
Source,Wilson Lloyd,2
Source,George Sturge,2
Source,Samuel Sturge,2
Source,George Sturge,2
Source,Samuel Sturge,2
Source,Thomas M Sturge,2
Source,Cyrus Clark,2
Source,James Clark (2),2
Source,Joseph Clark,2
Source,George Sturge,2
Source,Cyrus Clark,2
Source,James Clark (2),2
Source,Joseph Clark,2
Source,George Sturge,2
Source,Samuel Sturge,2
Source,Thomas M Sturge,2
Source,Fielden Thorpe,2
Source,James Baker,2
Source,James Baker,2
Source,W S Clark,2
Source,Francis Tuckett,2
Source,Edwin Bracher,2
Source,Edmund Lucas,2
Source,Frederick Wheeler,2
Source,John Whiting,2
Source,S Braithwaite,2
Source,John Jowett,2
Source,John E Wilson,2
Source,Daniel Doncaster,2
