"'Source'","Target","immediate"
Source,John M Albright,3
Source,Rachel Albright,3
Source,William Albright,3
Source,John M Albright,3
Source,William Albright,3
Source,John M Albright,3
Source,William Jun Aldam,3
Source,G W Alexander,3
Source,Henry Alexander,3
Source,Henry Alexander,3
Source,Samuel Allen,3
Source,R Jun Arthington,3
Source,Abraham Crowley,3
Source,Frederick Crowley,3
Source,Paul Bevan,3
Source,R Barclay Fox,3
Source,John Hodgkin,3
Source,Edward Jun Backhouse,3
Source,James Jun Backhouse,3
Source,Joseph Crosfield,3
Source,Joseph Crosfield,3
Source,Edmund Backhouse,3
Source,John Harlock,3
Source,Anna Gurney,3
Source,Alfred Backhouse,3
Source,Abram Rawlinson Barclay,3
Source,J Gurney Barclay,3
Source,Jonathan Barrett,3
Source,Rebecca Beaumont,3
Source,William Beaumont,3
Source,Frederick J Bell,3
Source,John Bell,3
Source,John Bell,3
Source,Thomas Binyon,3
Source,H Birkbeck,3
Source,Henry E Gurney,3
Source,W C Bowley,3
Source,James Bracher,3
Source,Henry Brady,3
Source,G S Brady,3
Source,Joseph B Braithwaite,3
Source,William Brewin,3
Source,Francis Brown,3
Source,Lydia Brown,3
Source,William Jun Grimshaw,3
Source,J F Burgess,3
Source,Thomas Burgess,3
Source,J F Burgess,3
Source,Edward North Buxton,3
Source,Thomas Fowell Buxton,3
Source,Andrew Johnston,3
Source,Edward North Buxton,3
Source,Andrew Johnston,3
Source,Newman Cash,3
Source,Thomas Catchpool,3
Source,James Charleton,3
Source,Robert Charleton,3
Source,Robert Charleton,3
Source,Robert Charleton,3
Source,Frederick H Fox,3
Source,James Clark (2),3
Source,Joseph Clark,3
Source,W S Clark,3
Source,James Cropper,3
Source,John Cropper,3
Source,Joseph Crosfield,3
Source,William Crosfield,3
Source,Abraham Crowley,3
Source,Frederick Crowley,3
Source,Frederick Crowley,3
Source,A Crowley,3
Source,Abraham Crowley,3
Source,William Cudworth,3
Source,William Ball,3
Source,A Dale,3
Source,Henry Hipsley,3
Source,Samuel Priestman,3
Source,John S Rowntree,3
Source,R Doubleday,3
Source,William Exton,3
Source,Joseph Sharples,3
Source,Joseph Sharples,3
Source,Mary Fell,3
Source,Josiah Newman,3
Source,Hannah Scarr,3
Source,Robert Forster,3
Source,William Forster,3
Source,William Forster,3
Source,Thomas Fowler,3
Source,Thomas Fowler,3
Source,Joseph Whitwell Pease,3
Source,Robert Were Fox,3
Source,Frederick H Fox,3
Source,Elizabeth Charelton,3
Source,W D Crewdson,3
Source,R Barclay Fox,3
Source,R Barclay Fox,3
Source,x Fox,3
Source,Francis Tuckett,3
Source,R Barclay Fox,3
Source,Thomas Pease,3
Source,Deborah Gibson,3
Source,Caroline Marriage,3
Source,John Pease,3
Source,Joseph Pease,3
Source,Deborah Gibson,3
Source,W G Gibson,3
Source,Rebecca Beaumont,3
Source,Deborah Gibson,3
Source,Jonathan Gillett,3
Source,James Sessions,3
Source,James Sessions,3
Source,William Jun Grimshaw,3
Source,John Gurney,3
Source,Samuel Gurney,3
Source,Samuel Gurney,3
Source,Cornelius x Jun Hanbury,3
Source,Daniel Bell Hanbury,3
Source,Summers Harford,3
Source,Theodore Harris,3
Source,Edwd Harris,3
Source,Lydia Harris,3
Source,Edwd Harris,3
Source,Frederick Fryer,3
Source,John Gurney,3
Source,Samuel Gurney,3
Source,Sarah Head,3
Source,John Gurney,3
Source,Samuel Gurney,3
Source,J F Burgess,3
Source,M A Hewitson,3
Source,John Hills,3
Source,John Hodgkin,3
Source,Richard Holdsworth,3
Source,G B Holmes,3
Source,W C Horsnaill,3
Source,Luke Howard,3
Source,William Janson,3
Source,Andrew & Jun Johnston,3
Source,W D Crewdson,3
Source,John Jowett,3
Source,George Stacey,3
Source,Frederick Lucas,3
Source,Jeffrey Lucas,3
Source,Samuel Lucas,3
Source,William Jun Lucas,3
Source,William Jun Lucas,3
Source,Francis May,3
Source,W Dillwyn Sims,3
Source,Samuel Thompson,3
Source,William Norton,3
Source,Edward Pease,3
Source,Gurney Pease,3
Source,Joseph Pease,3
Source,Joseph Whitwell Pease,3
Source,Gurney Pease,3
Source,Joseph Pease,3
Source,Joseph Whitwell Pease,3
Source,Joseph Pease,3
Source,Joseph Whitwell Pease,3
Source,Joseph Pease,3
Source,Joseph Whitwell Pease,3
Source,Thomas Pease,3
Source,William Peckover,3
Source,John T Shewell,3
Source,John T Shewell,3
Source,John Priestman,3
Source,Samuel Priestman,3
Source,Matilda Rickman,3
Source,Priscilla Rickman,3
Source,R Rickman,3
Source,R P Rickman,3
Source,Priscilla Rickman,3
Source,R Rickman,3
Source,R P Rickman,3
Source,R Rickman,3
Source,R P Rickman,3
Source,R P Rickman,3
Source,John Rickman,3
Source,Matilda Rickman,3
Source,Priscilla Rickman,3
Source,R Rickman,3
Source,R P Rickman,3
Source,J S Robson,3
Source,Joseph Rosling,3
Source,Samuel Rosling,3
Source,Sarah Hotham,3
Source,Sarah Rundell,3
Source,Elizabeth Charelton,3
Source,S Scatterthwaite,3
Source,F Seebohm,3
Source,William Seebohm,3
Source,Lydia Sessions,3
Source,Robert Sessions,3
Source,Robert Sessions,3
Source,E F Sewell,3
Source,Joseph Sewell,3
Source,John T Shewell,3
Source,D Tuke,3
Source,George Smithson,3
Source,Sarah Southall,3
Source,Sarah Southall,3
Source,Joshua Wilson,3
Source,Edward A Crouch,3
Source,Rebecca Beaumont,3
Source,Deborah Gibson,3
Source,Joseph Sterry,3
Source,Richard Sterry,3
Source,Sarah Sterry,3
Source,Sarah Sterry,3
Source,Edmund Sturge,3
Source,Thomas M Sturge,3
Source,Thomas M Sturge,3
Source,H J Sturge,3
Source,Samuel Sturge,3
Source,Walter Sturge,3
Source,Barnard Dickinson,3
Source,Charles Sturge,3
Source,Edmund Sturge,3
Source,Joseph Sturge,3
Source,Barnard Dickinson,3
Source,Charles Sturge,3
Source,Edmund Sturge,3
Source,Thomas M Sturge,3
Source,George Thomas,3
Source,Francis Tuckett,3
Source,P Debell Tuckett,3
Source,P Debell Tuckett,3
Source,Elizabeth Tuckett,3
Source,Francis Tuckett,3
Source,P Debell Tuckett,3
Source,Samuel Tuke,3
Source,D Tuke,3
Source,William Tweedy,3
Source,Richard Veale,3
Source,William Veale,3
Source,William Veale,3
Source,Septimus Warner,3
Source,Charles B Warner,3
Source,Septimus Warner,3
Source,John Hodgkin,3
Source,R Waterhouse,3
Source,Paul Bevan,3
Source,Thomas Westcombe,3
Source,Samuel Wheeler,3
Source,Joshua Wilson,3
